exit,shielder,funding_block,withdrawal_block,first_shield_block
0x0000000000000000000000000000000000000000,0xba178ae12daa78de6592847cf8bb26508ae5d5db,11010809,9117019,22457697
0xc098b2a3aa256d2140208c3de6543aaef5cd3a94,0xeae2d1cfaa84e5cc175b4913dc866f6cb7306681,11022923,15309226,24333726
0x0000000000000000000000000000000000000000,0x45def41464da83ec5f05c40f0e948f5e17b1d9ef,11056449,9117019,20203135
0x32519a4e46fe578d06064c2183dd7bcd633d24a9,0xe8184a8b3bca1ca88d834816f0e3e1ab7c74caf0,11060413,15019628,23927313
0x3f5ce5fbfe3e9af3971dd833d26ba9b5c936f0be,0xe72ca05f0789196b1b1162cdf4af2116dfb5d386,11114297,15311751,24339205
0x3f5ce5fbfe3e9af3971dd833d26ba9b5c936f0be,0x1dd50763ebf30966922c428177b090a90a634de9,11146258,15311751,24045845
0x3f5ce5fbfe3e9af3971dd833d26ba9b5c936f0be,0x0ea72a979fe7a4f1b3cf7722c68386f128175f08,11375697,15311751,15873042
0x69b38da50a977dc61c7571c9dc8192ea1a884dcb,0x03bbcec99a1d7837568767ed77b54f53bc4c4d90,11393900,13436136,22680451
0x3f5ce5fbfe3e9af3971dd833d26ba9b5c936f0be,0xd3ca14c45196f56a2a0788265a8cc7e7ce968c06,11421488,15311751,16115526
0x3f5ce5fbfe3e9af3971dd833d26ba9b5c936f0be,0xd5e32fcd2458b026dcb2cb0134cd8da5bd20cf42,11436731,15311751,23868277
0x3f5ce5fbfe3e9af3971dd833d26ba9b5c936f0be,0x3b353012b93deea92dd71ce0bc62ce947cb3cd02,11490408,15311751,18589448
0x3f5ce5fbfe3e9af3971dd833d26ba9b5c936f0be,0x2ba2fee8a71d4012815635d87b19ac28cfaec95d,11547698,15311751,23812214
0x3f5ce5fbfe3e9af3971dd833d26ba9b5c936f0be,0xb817f347cc5dc77dabeb45dc071dc4ca80b28e16,11551195,15311751,17301807
0x3f5ce5fbfe3e9af3971dd833d26ba9b5c936f0be,0xc05bc25eaa52a23476e113b9a139a66e7473b364,11617436,15311751,24032251
0x3f5ce5fbfe3e9af3971dd833d26ba9b5c936f0be,0x893c049d6ab920d60b1838be662b3ed8b1510878,11625968,15311751,24178350
0x5c47185e0c026151c978ff1e36c1309bd71da9c3,0x28907f21f43b419f34226d6f10acbcf1832b1d4d,11643694,11441133,18759103
0xc098b2a3aa256d2140208c3de6543aaef5cd3a94,0x91b8c011997b713a7afc7f30cc87ce7998d5707c,11661535,15309226,24075186
0xc098b2a3aa256d2140208c3de6543aaef5cd3a94,0xcca02de5372cb0caac425543487789eef5d17fb5,11698242,15309226,24335213
0x3f5ce5fbfe3e9af3971dd833d26ba9b5c936f0be,0x95aa6cf80aa61c3433215c7b8330c065ed29ce97,11716240,15311751,22964499
0xb9b8ef61b7851276b0239757a039d54a23804cbb,0x14a03ca8740a0044e63d3bb0432540d9509473d1,11724162,9600746,22469816
0x3f5ce5fbfe3e9af3971dd833d26ba9b5c936f0be,0x6573e30ee0ad46bc9afa0c2adb0d3f147d658efe,11782685,15311751,19816710
0xc098b2a3aa256d2140208c3de6543aaef5cd3a94,0x11e29129b4aa6f5a8d9643201a5bc950579b3185,11837062,15309226,19892131
0xc098b2a3aa256d2140208c3de6543aaef5cd3a94,0x8888885a235a65f98389f9d628bbeab5e323eb15,11849350,15309226,18113451
0xc098b2a3aa256d2140208c3de6543aaef5cd3a94,0x4913d2a056ee558859af270e2261feee5b39be34,11879267,15309226,24180107
0x3f5ce5fbfe3e9af3971dd833d26ba9b5c936f0be,0x6ad22cb107a48919a41c35da659d7e7d0e78ce5d,11884186,15311751,23091697
0x3f5ce5fbfe3e9af3971dd833d26ba9b5c936f0be,0xc579b72fe7986b64a84948f8a41c4bee396835b5,11888089,15311751,24417451
0x3f5ce5fbfe3e9af3971dd833d26ba9b5c936f0be,0xd8e6784f7cdd0ed817124e47708a7eeedcfb5d86,11896030,15311751,23798912
0x3f5ce5fbfe3e9af3971dd833d26ba9b5c936f0be,0xedd4029250dffa95700aa79685e4a6704123baf2,11962297,15311751,25325464
0x0000000000000000000000000000000000000000,0xd750d9d2c59f456176c3d222f0816f5a88b9b11a,12028014,9117019,20846718
0x3f5ce5fbfe3e9af3971dd833d26ba9b5c936f0be,0x8888885a235a65f98389f9d628bbeab5e323eb15,12061266,15311751,18113451
0xc098b2a3aa256d2140208c3de6543aaef5cd3a94,0xfba22623a465d0cf942e86a17b871d153af6461c,12166034,15309226,14920258
0xc098b2a3aa256d2140208c3de6543aaef5cd3a94,0x061c26812ce7cbb4bde7a2fb2b9b57c15697f52c,12177341,15309226,20861814
0xc098b2a3aa256d2140208c3de6543aaef5cd3a94,0x206a3d63761256d45060cee537c934143ca6afc4,12190240,15309226,15688508
0x3f5ce5fbfe3e9af3971dd833d26ba9b5c936f0be,0xf1a11243b9f79527e397cbe350eec308026b5b36,12214881,15311751,22888286
0x3f5ce5fbfe3e9af3971dd833d26ba9b5c936f0be,0xc0a2f3b3990de10a22a00377df0f3e7503c3a14d,12234884,15311751,17125354
0xc098b2a3aa256d2140208c3de6543aaef5cd3a94,0xeab1bae68d4951dce7608e7af9ec62cb331a31c3,12265881,15309226,22516986
0x3f5ce5fbfe3e9af3971dd833d26ba9b5c936f0be,0x8b166e995715df6e439973df582e455c32f8186a,12279713,15311751,23582060
0xc098b2a3aa256d2140208c3de6543aaef5cd3a94,0xfbd50c82ea05d0d8b6b302317880060bc3086866,12308466,15309226,17145694
0x3f5ce5fbfe3e9af3971dd833d26ba9b5c936f0be,0xbc73d5574948d25cb7563913e59024c5fcaec9fd,12330016,15311751,19084699
0xc098b2a3aa256d2140208c3de6543aaef5cd3a94,0xbc73d5574948d25cb7563913e59024c5fcaec9fd,12331613,15309226,19084699
0x3f5ce5fbfe3e9af3971dd833d26ba9b5c936f0be,0x968798cfa0d8edce29513de17780a19d08944942,12352988,15311751,18297483
0xc098b2a3aa256d2140208c3de6543aaef5cd3a94,0xf70fa1b8443c620ca7d43a9d17f4bde8b09031cc,12365944,15309226,24032493
0x3f5ce5fbfe3e9af3971dd833d26ba9b5c936f0be,0x45b020c2773a12ef018c884e79e5fdd89fb4e050,12396831,15311751,22677501
0x21532d4267648191bef7a33c813c43cf90a6fa78,0x8ae6422631292c31aeeb2efe154d6326f703f46b,12407238,12364168,24772921
0x7a2bf53e631c7f99932e3a92ef574f6dfbecf710,0xeebc8b70f714ed861fb33255fbedb80813606e07,12412589,11023639,22645278
0x3f5ce5fbfe3e9af3971dd833d26ba9b5c936f0be,0x531cdf82e7a2826259d8c8f95429c07764e33ade,12452660,15311751,24154185
0xc098b2a3aa256d2140208c3de6543aaef5cd3a94,0xbf50dfe5e0b6d190549f4f00616cdb7c968e7b0b,12458783,15309226,23494618
0x28c6c06298d514db089934071355e5743bf21d60,0x6e663c2646ff21665356ce3cc61552e930ef4d37,12472356,15311776,23499698
0x28c6c06298d514db089934071355e5743bf21d60,0x0cec743b8ce4ef8802cac0e5df18a180ed8402a7,12529744,15311776,17609189
0x28c6c06298d514db089934071355e5743bf21d60,0xd8e6784f7cdd0ed817124e47708a7eeedcfb5d86,12530179,15311776,23798912
0x0000000000000000000000000000000000000000,0x3a5fddcc68fde131b97e9e53d89a9a430e563c43,12568336,9117019,17614336
0x0d0707963952f2fba59dd06f2b425ace40b492fe,0x7ad0ca6c83bcc232159734d579326910ebdf401a,12606536,15309230,24847435
0x28c6c06298d514db089934071355e5743bf21d60,0x531cdf82e7a2826259d8c8f95429c07764e33ade,12613232,15311776,24154185
0x28c6c06298d514db089934071355e5743bf21d60,0xb20d455296589ea0d4b12c936242656867530f3c,12646442,15311776,22972824
0xc098b2a3aa256d2140208c3de6543aaef5cd3a94,0x3511748c00b6b2dd9f77c1141cec9c0bd7ada5be,12683810,15309226,24032486
0x28c6c06298d514db089934071355e5743bf21d60,0xeae2d1cfaa84e5cc175b4913dc866f6cb7306681,12710329,15311776,24333726
0x28c6c06298d514db089934071355e5743bf21d60,0xd5e32fcd2458b026dcb2cb0134cd8da5bd20cf42,12785497,15311776,23868277
0x28c6c06298d514db089934071355e5743bf21d60,0x45b020c2773a12ef018c884e79e5fdd89fb4e050,12791896,15311776,22677501
0x28c6c06298d514db089934071355e5743bf21d60,0x1826bee952d1236b2ddd03d0fcf7d1763c368312,12819438,15311776,17043083
0x00a0847926a77692495774f1c71ba8abef99dd52,0x81afcf6dd79897cba488471ecec2f41bf3f7ca9b,12840561,12709032,17339725
0x5f05284e6717ac375e4bc5cd7cd6d75833faf2a8,0x9c67db2084791d4943b1c670db59c27b6659c728,12843460,12843283,22552012
0x28c6c06298d514db089934071355e5743bf21d60,0x3f087af4140bcd93ae39f7fdd2b3edfe3474146f,12878816,15311776,22724185
0x28c6c06298d514db089934071355e5743bf21d60,0x968798cfa0d8edce29513de17780a19d08944942,12892704,15311776,18297483
0x25eaff5b179f209cf186b1cdcbfa463a69df4c45,0x52ab58c10e9187a79da50f892ea4801aad58cb00,12901501,15309227,23169772
0xc098b2a3aa256d2140208c3de6543aaef5cd3a94,0x5dcb7f015b2c046572419db4e3805b67e8cc47e1,12905320,15309226,21659312
0x11a91878d17f9839512b9af1aee35fb65c459d78,0x6674eb43176744a43aa44a54bbadea0abf09f9d2,12970576,12888931,25328810
0xa7efae728d2936e78bda97dc267687568dd593f3,0x90a699d2b6eb0f7c3170d502c0bdf386f7faf058,12977712,15309224,20050519
0xa7efae728d2936e78bda97dc267687568dd593f3,0xe5354c030fd45c8b07eb46895ec0123407a9b4d3,13004313,15309224,22494263
0xc098b2a3aa256d2140208c3de6543aaef5cd3a94,0x2b2b623d5b40e8d5d0932abf4bb383b2b42f69c5,13016007,15309226,24324485
0x28c6c06298d514db089934071355e5743bf21d60,0x90a699d2b6eb0f7c3170d502c0bdf386f7faf058,13079818,15311776,20050519
0xc098b2a3aa256d2140208c3de6543aaef5cd3a94,0xc50459d31163e0bbf1864fef17d370fe21ffae6b,13108965,15309226,18231768
0x25eaff5b179f209cf186b1cdcbfa463a69df4c45,0x2ec747b05e1af86dd25913647fc57d8378f8e80d,13138970,15309227,18231833
0xc098b2a3aa256d2140208c3de6543aaef5cd3a94,0xdb3f9fd61a8ff4e52fa4da9e9d0ce512fc6ce0b9,13144254,15309226,24638904
0x28c6c06298d514db089934071355e5743bf21d60,0xc0a2f3b3990de10a22a00377df0f3e7503c3a14d,13144273,15311776,17125354
0x25eaff5b179f209cf186b1cdcbfa463a69df4c45,0xc50459d31163e0bbf1864fef17d370fe21ffae6b,13148595,15309227,18231768
0x28c6c06298d514db089934071355e5743bf21d60,0x41f422d760099ca0bd94b3ecae71b42e8c8f9a74,13156898,15311776,24670967
0xa7efae728d2936e78bda97dc267687568dd593f3,0xfdc0d5bac28f67baff2d06885eb961512ce1ec28,13164665,15309224,23334787
0xa7efae728d2936e78bda97dc267687568dd593f3,0x60365500fc2b09d8ab6aff7dd444d0da0fe8059c,13179069,15309224,20879681
0x0d0707963952f2fba59dd06f2b425ace40b492fe,0xceebc6d157f0281757d0c97f8978cdf60b86dfb7,13191326,15309230,22437690
0xc098b2a3aa256d2140208c3de6543aaef5cd3a94,0x188cc7286af105be6f7a11585e2f3ae2f23d27ca,13192158,15309226,24810510
0xc098b2a3aa256d2140208c3de6543aaef5cd3a94,0x310a3cea42f93d55584c4361565aa0994912ff0d,13210189,15309226,22666533
0x7870510559bb67b809b534c71d5149f726b5f882,0x0c7bd75c0af172b92528d76297ccae8a6d21be31,13220743,12681820,20199381
0xa524fb7fc7c04de81daca63ae04ae6c5876a45aa,0x3f2d1d12af8f9b5a8903db43a45bf5bb737e38f7,13295338,12318924,23933097
0x0000000000000000000000000000000000000000,0xaee6b099f09142f95d0680c379c82c0a3d306a64,13313650,9117019,23939615
0x83ce5c5471bef08e5dca91a80827ecef9d357d53,0xccd66776eed1fc2e6319c54018cb35733793998d,13333766,12257969,23933031
0xc098b2a3aa256d2140208c3de6543aaef5cd3a94,0x8aa93c1dda831e10955cae40500cc44945c0d5bd,13338785,15309226,20551326
0xa7efae728d2936e78bda97dc267687568dd593f3,0x8888885a235a65f98389f9d628bbeab5e323eb15,13340635,15309224,18113451
0xc098b2a3aa256d2140208c3de6543aaef5cd3a94,0x0ed4e501123acddd94d469d679c60d32a190a0c3,13344769,15309226,24582557
0x39d8b1c6e1bb28725e1eb64455e49dfcfcbaab49,0xf480001f7d7d46c1e6cc71b308a34f117b649a3b,13351549,13146106,21982969
0x28c6c06298d514db089934071355e5743bf21d60,0xd12b87b4bb9ee50127ee76031304133ae0a80515,13360377,15311776,23273127
0xc098b2a3aa256d2140208c3de6543aaef5cd3a94,0x818b2226a90abd99b21679b6eefce52ea529fb3b,13376011,15309226,20352391
0xc098b2a3aa256d2140208c3de6543aaef5cd3a94,0x96b688326872ca5eba07051835e1cd0ddbe532c1,13379425,15309226,24582557
0xc0548825bd34b96448b487ed7028cf6b532228f9,0xba178ae12daa78de6592847cf8bb26508ae5d5db,13399678,12963765,22457697
0x517e8c4f3c803511eab2c1f57158ae2dbee18897,0x4affe042de753d92b255e43b2744468bae23c718,13408684,10964774,20670774
0x8aeff31e115fcaa2169fd309636336ebf0e43a46,0xfadcb0ba7ec37674ab3c153736498084b163c317,13449972,15302037,17944380
0x28c6c06298d514db089934071355e5743bf21d60,0x8888885a235a65f98389f9d628bbeab5e323eb15,13461935,15311776,18113451
0xc098b2a3aa256d2140208c3de6543aaef5cd3a94,0x94bc8598ffaedc6a19f3412c9edaec38bfb2008f,13486554,15309226,24377085
0x0000000000000000000000000000000000000000,0x4c7d159766b244c78b5248b176af8c7bb1868501,13491808,9117019,19482046
0xc098b2a3aa256d2140208c3de6543aaef5cd3a94,0xe8184a8b3bca1ca88d834816f0e3e1ab7c74caf0,13500423,15309226,23927313
0xc098b2a3aa256d2140208c3de6543aaef5cd3a94,0x1689479b118470ee6401fda07340f89ee4de17b5,13500796,15309226,24032916
0x2b33b018ffce3a7e919638f198bee81466dfdfa4,0xc50e2a4c502c6c52d9a279efcf8d179447c07a46,13595274,14003400,21517537
0x28c6c06298d514db089934071355e5743bf21d60,0xd8950ebcd6c6b71123cc036319ece84db3bd603b,13615600,15311776,22546135
0x1653c8d07379aaa227279ca64a450475249c00be,0x8bee0043b5f369367eb694489305962e72b453b2,13615910,12302574,18947404
0x0d0707963952f2fba59dd06f2b425ace40b492fe,0x2b2b623d5b40e8d5d0932abf4bb383b2b42f69c5,13665628,15309230,24324485
0x28c6c06298d514db089934071355e5743bf21d60,0xf7ead8ecbee516a47d248472b0db47f69bcbfebc,13689811,15311776,25652405
0x0d0707963952f2fba59dd06f2b425ace40b492fe,0x90a699d2b6eb0f7c3170d502c0bdf386f7faf058,13729957,15309230,20050519
0x28c6c06298d514db089934071355e5743bf21d60,0xe5354c030fd45c8b07eb46895ec0123407a9b4d3,13763239,15311776,22494263
0x28c6c06298d514db089934071355e5743bf21d60,0xc579b72fe7986b64a84948f8a41c4bee396835b5,13791955,15311776,24417451
0x0000000000000000000000000000000000000000,0xa3ddc458c67b8e7e6bc713a0eb28114f1122fe32,13797400,9117019,15827275
0x28c6c06298d514db089934071355e5743bf21d60,0x8e918ac0f1d8b5c298a3914feaaf4c733671b0b2,13811768,15311776,22305401
0x7c1908d49266ba2999c41b07b0895c33821f53a9,0x9aa26763df88887b9ed656b7572ba8f179d830c6,13814299,12666607,20573854
0xc098b2a3aa256d2140208c3de6543aaef5cd3a94,0xe4ef8246691b59a205def7b2ce1640cdf2a5f8e2,13847518,15309226,24033335
0x0d0707963952f2fba59dd06f2b425ace40b492fe,0x361ed4494f630798ff9d8af5099ffc3ead971ac0,13861833,15309230,22256135
0x91609451b6a5775608787f3da9501104935d3b25,0xba178ae12daa78de6592847cf8bb26508ae5d5db,13879640,17945786,22457697
0x6a1cf24c645db2e37141fa12e70cb67e56b336f3,0x8bee0043b5f369367eb694489305962e72b453b2,13899521,11937043,18947404
0x4231593fb2422a92b6300a0855a5b55c848a3a57,0x10461d18245b304a8f799ac9f7c1bab35655919d,13901198,14140145,18579840
0x28c6c06298d514db089934071355e5743bf21d60,0x2b2b623d5b40e8d5d0932abf4bb383b2b42f69c5,13932486,15311776,24324485
0xc2458e55e8021c484b468f6a4ac858f6eb0e644b,0xba178ae12daa78de6592847cf8bb26508ae5d5db,13948499,11065852,22457697
0x28c6c06298d514db089934071355e5743bf21d60,0x666dead6664d776eb86cf6a167d91c97d9c78e4e,13959161,15311776,25078101
0x0d0707963952f2fba59dd06f2b425ace40b492fe,0xf68de51a6778d60645b05f44ce09ff15317755d0,13962325,15309230,24180659
0x5b13b2c6c9d7937df22fdc51071ad8b37e7dbd62,0x10461d18245b304a8f799ac9f7c1bab35655919d,13976702,13776356,18579840
0x1502c757ec0686fb14e2a79bb3fa71494e5d051c,0x5dcb7f015b2c046572419db4e3805b67e8cc47e1,13977615,13977566,21659312
0x28c6c06298d514db089934071355e5743bf21d60,0xb817f347cc5dc77dabeb45dc071dc4ca80b28e16,13991504,15311776,17301807
0x28c6c06298d514db089934071355e5743bf21d60,0xf969d4bb97148e1180ab43c5061ebcf67ee83ce9,14002524,15311776,22948380
0x28c6c06298d514db089934071355e5743bf21d60,0x4642f02a1a5755feead4b557c0ce3302d1ad2550,14043581,15311776,20131976
0xc13ced137e90bc695cb77288962280516a2f9b8b,0xd2766f32142ce38167425c8deae510620d365fd3,14053020,13330180,17592138
0xc098b2a3aa256d2140208c3de6543aaef5cd3a94,0x06521c13f7ba724940f441c710a9e2e711398a38,14081156,15309226,25360327
0x5d0e5444c86396c6b9253d0a798291a47952e111,0xba178ae12daa78de6592847cf8bb26508ae5d5db,14089932,14856521,22457697
0xc098b2a3aa256d2140208c3de6543aaef5cd3a94,0xb5082d3d6c48cb4390ad4eae1aee27368328914d,14103114,15309226,21263369
0xc098b2a3aa256d2140208c3de6543aaef5cd3a94,0x301dea9f0562de525c6cf1dacd1c75b67762e26c,14116620,15309226,17841341
0x28c6c06298d514db089934071355e5743bf21d60,0x053e6294400a9268e35df445624f58087c7f388f,14122270,15311776,24032713
0x7ff88d5e820df6f3e585db8c052e031f2952c01f,0x26a52b826e19f833debb6d9f35b144ed0578a23a,14155731,14144189,20479524
0xc098b2a3aa256d2140208c3de6543aaef5cd3a94,0x361ed4494f630798ff9d8af5099ffc3ead971ac0,14159379,15309226,22256135
0x0000000000000000000000000000000000000000,0xc68f7d3420ff1860de18b7f2c6aa484cec9088a4,14163296,9117019,16930513
0x0000000000000000000000000000000000000000,0xeb57dd0a036e0bf4bf16a00c2697c3f6b54d10ab,14167457,9117019,24032934
0x82eb45562f991329ed2867f43fc60f0ba52c3dab,0x8ae6422631292c31aeeb2efe154d6326f703f46b,14169528,13616709,24772921
0xc098b2a3aa256d2140208c3de6543aaef5cd3a94,0xabaf459e02a646517f330c780a58eb6bcb39a2bb,14184478,15309226,23732496
0x3133742198dd985a4ec21f2419ec36d8efc03f26,0x8bee0043b5f369367eb694489305962e72b453b2,14215882,12831586,18947404
0xec7abbe3884239a09ed6378c6a5cf3670ed0a2d7,0x23687742bf4dcc2d797afdc14e2cb52e8ab988e2,14264141,13579154,20195295
0x6e94cea00b9b094ddef598ebc6c3573c0cb14122,0x28907f21f43b419f34226d6f10acbcf1832b1d4d,14317420,11025308,18759103
0x28c6c06298d514db089934071355e5743bf21d60,0xc98c01414712d4aee306dc23ebd934c233205133,14339801,15311776,25192907
0xa7efae728d2936e78bda97dc267687568dd593f3,0x5a215481eb95e14573b956d10bb495908621f6e9,14357637,15309224,23888086
0x28c6c06298d514db089934071355e5743bf21d60,0xf3b853490ca3a2067a6f80f08224a2ad27cd2531,14371499,15311776,24157086
0x0d0707963952f2fba59dd06f2b425ace40b492fe,0xaee6b099f09142f95d0680c379c82c0a3d306a64,14472255,15309230,23939615
0xc098b2a3aa256d2140208c3de6543aaef5cd3a94,0x2e147e08cc9ac067053ae45a3d82a8015a890a6a,14587737,15309226,25132668
0x28c6c06298d514db089934071355e5743bf21d60,0x204c6162ac3e56f57a976c509ca0b347d564b483,14632400,15311776,23756449
0xc098b2a3aa256d2140208c3de6543aaef5cd3a94,0x8bee0043b5f369367eb694489305962e72b453b2,14633825,15309226,18947404
0x4819d292c5b4b85a0e8c58cd9746d5ab401d01f6,0x8bee0043b5f369367eb694489305962e72b453b2,14633828,14425205,18947404
0x28c6c06298d514db089934071355e5743bf21d60,0x8c03c14826aa7458b1417c02cfcbc3e4cc2eb232,14639505,15311776,24254093
0xc098b2a3aa256d2140208c3de6543aaef5cd3a94,0xe594469fde6ae29943a64f81d95c20f5f8eb2e04,14668836,15309226,22704079
0xc098b2a3aa256d2140208c3de6543aaef5cd3a94,0xbd4297c89ffa36a5a0a2543758c5296808028b0b,14679670,15309226,20746537
0xa7efae728d2936e78bda97dc267687568dd593f3,0xceebc6d157f0281757d0c97f8978cdf60b86dfb7,14688532,15309224,22437690
0xd378d1142830a9816128d8815137a070e3ede8f8,0x2fccb5ed803f1db9af9ddbb33fa2f4d2fb8ee7f7,14764329,11272004,14769040
0x6b0a5b18e85fa2e79ad3e26a5f302fe590b46c67,0x2fccb5ed803f1db9af9ddbb33fa2f4d2fb8ee7f7,14767930,10920865,14769040
0x942f2d75e01fa5eaf9e127b22326c12311ac5bc1,0x16cb9a85a6db915b505c1c2e820bce5244b2b60c,14779920,14779908,14780061
0x3963dcc2b52466eb9f78f3c4320b57a739f0b8f7,0xba178ae12daa78de6592847cf8bb26508ae5d5db,14809536,14309350,22457697
0x28c6c06298d514db089934071355e5743bf21d60,0xf70fa1b8443c620ca7d43a9d17f4bde8b09031cc,14839248,15311776,24032493
0xc098b2a3aa256d2140208c3de6543aaef5cd3a94,0x3116f4c768695be3fa5fa3cc3f0aad81a89f3aec,14857132,15309226,24032631
0x0000000000000000000000000000000000000000,0x11647334c1d8b869da7d36fe27e919d2d44c612f,14870216,9117019,24032285
0xc098b2a3aa256d2140208c3de6543aaef5cd3a94,0xaf274d6079e01960031ae0d7b3a771f577bfded4,14877557,15309226,20352878
0x808a023b72260170c95d831f589a1ae0dca1e43e,0xfd82312a2398de850be260149ac8f61c28715349,14887069,11715398,14957717
0x28c6c06298d514db089934071355e5743bf21d60,0x29f872f02da8ace8890e8d3e5105a752cd3b5792,14909427,15311776,24398420
0x28c6c06298d514db089934071355e5743bf21d60,0x0559d4f52c63732853ac1f4c50b6f293cee0b646,14921076,15311776,24242388
0x28c6c06298d514db089934071355e5743bf21d60,0xaee6b099f09142f95d0680c379c82c0a3d306a64,14921908,15311776,23939615
0x0d0707963952f2fba59dd06f2b425ace40b492fe,0xb817f347cc5dc77dabeb45dc071dc4ca80b28e16,14931849,15309230,17301807
0x28c6c06298d514db089934071355e5743bf21d60,0x07526548524f7453909567152399c234b84a008a,14946613,15311776,14946643
0x0d0707963952f2fba59dd06f2b425ace40b492fe,0xd97c8c8a4b8fddd856aeb423953a789fdc7573cd,14951473,15309230,14951488
0x05a7034af75e5ae0c59d979c401d756698d05809,0xd426299d03325a9974f6f6f72c34567b0d0f5618,15002646,12658958,15003947
0xc098b2a3aa256d2140208c3de6543aaef5cd3a94,0x9e2339d7f67dd4e70b023a0b778b177bfb748685,15002679,15309226,24679142
0xc098b2a3aa256d2140208c3de6543aaef5cd3a94,0x4a4f20d0341fdf929d2b43a54f369777868aea50,15002721,15309226,24616625
0x378cf29359f72862a78995e665ec305763003b65,0x9aa26763df88887b9ed656b7572ba8f179d830c6,15015697,12636646,20573854
0x28db92fdf955eed69296b1f2e2811b701d726618,0xdea1c1c75d44339166c2fbb1b6cd97054f64ad51,15038444,11950616,15039486
0x0a6283f0948fd4be34503c7533489c6685c64162,0xbb63681ab91545e04e4b3d0c24e5274ff3e39c91,15046615,14173287,21130861
0x0000000000000000000000000000000000000000,0xbb63681ab91545e04e4b3d0c24e5274ff3e39c91,15046622,9117019,21130861
0xc098b2a3aa256d2140208c3de6543aaef5cd3a94,0xbac3159aad1a9aabdff39cd2812708666baaf2b7,15059027,15309226,20471383
0x67865c3eaf2e6a745a6b85cee169c7b74abe97d4,0xd8d310248e82b47fa87072d34acdfa679c8608cc,15062479,13105998,15062500
0xe9c62867856baf9535283c162d36383bb90a2162,0x4e3d9f714a4aad65eae7e70a50ea4cfaa967b6b9,15064622,13376926,15068720
0x0000000000000000000000000000000000000000,0x666dead6664d776eb86cf6a167d91c97d9c78e4e,15070451,9117019,25078101
0x28c6c06298d514db089934071355e5743bf21d60,0x0d1c41d60ef876b3244c9db50ea5c196ced8e07e,15082833,15311776,24032419
0x2e46bdc218f47c618fb3ae9cb603c89f84f397a3,0x85881787196b968b66f078de990ec4c05f766bca,15100194,10719879,15100239
0xc098b2a3aa256d2140208c3de6543aaef5cd3a94,0xceebc6d157f0281757d0c97f8978cdf60b86dfb7,15204530,15309226,22437690
0x00a0e8fce0c16767049ecb47983011b5c2375aee,0x7bf6fafbc28d43dbc91e4b3d93dabde39bab2ca0,15217097,15087495,15217228
0xc098b2a3aa256d2140208c3de6543aaef5cd3a94,0x41138f00cea3edb5a9c0612ac1b8ab2fec890a7a,15226170,15309226,18231745
0x6cc8b78d3b81cbcd559778c92785c5aa5cf57d05,0xba178ae12daa78de6592847cf8bb26508ae5d5db,15236922,15290641,22457697
0x28c6c06298d514db089934071355e5743bf21d60,0x3116f4c768695be3fa5fa3cc3f0aad81a89f3aec,15264791,15311776,24032631
0xab2b25fd904a3890338a5f914c97ab57477afb9d,0x84f10358cca65ca98f3e915fcede9b7d3a502c1b,15266647,14571907,20148997
0xc098b2a3aa256d2140208c3de6543aaef5cd3a94,0xf3b853490ca3a2067a6f80f08224a2ad27cd2531,15282749,15309226,24157086
0x28c6c06298d514db089934071355e5743bf21d60,0x3f6284cd9d7c99cbee729459704474154ef205d0,15285650,15311776,22856933
0x8aeff31e115fcaa2169fd309636336ebf0e43a46,0x31c91d139b9fbca1abdd5ecc3e80f923f15a0c73,15302048,15302037,17978581
0x8c016296bb6844078dc5e7a57dca168de9d2ee34,0x7d3ca7f41a501c6551beb07f0da1e7a965592b97,15303585,15303380,15303601
0xf2d35a435a98208dbddeeecea4f2482f0660a388,0x781a93af1e648f73c2299588d8872c4ea3da5269,15304846,12962300,15313949
0xd160be85cd05a45aed7b1c748d4185223ccb9991,0xe2a5501a09047bd64eff58b67996bed6eec18444,15306627,15165262,15306635
0x80281d33b56231ea95a5b8f61cfd91ca052c7b5a,0xcb6f13663d4c33a5b675b8fbfd63ee1fc322a405,15308013,12734945,15308078
0x2a879ecee803a72b16f105516f028c5d31c5b108,0x5e9b3e6dccddea8c1205bd8372b48da031087f41,15309498,15309486,21962801
0xa6951297c2847e0fa0d6a4e3235a9ac5b35d35f3,0x9449c69fdcb9c162fa1aabd6c4aeb7d640b76ba9,15312342,14266204,15312366
0x3ef874a558d82e046a5d4be593eae2b18e93a23a,0x7907c58294f48e225f479e443ff202317046a594,15313000,15304371,15313010
0x80281d33b56231ea95a5b8f61cfd91ca052c7b5a,0x9714e3dd6c943c93246898c1472dae8de256aa2d,15313778,12734945,15313800
0xc242cad587c57dee1f716ce81ba740c5e7f658cb,0x31c91d139b9fbca1abdd5ecc3e80f923f15a0c73,15322649,15302042,17978581
0x301ac3099ec0ac934e751dcec1a97cea2c33c94f,0x1de7f64b2684a7f009bbc0b8573e490982eb0fee,15324997,15177170,15325014
0x28c6c06298d514db089934071355e5743bf21d60,0xbc7f0883b4dd822c06e2db8458d57af624814d31,15327811,15311776,19629789
0x529e3d152a614f61bea4a86569a6ac2c9b4db249,0xd1b5b52c9d5706f91a3eac3f3e9496491a6fbce4,15329002,14578861,15329023
0x7c9551322a2e259830a7357e436107565ea79205,0x3af2c97bca2ed1ef1744fe3be8da453ce0402c8a,15335832,14559727,15360302
0x608dfac245aa71becf9f2e4c4941b360a7fed25e,0x8038afad48efe37c6e6672b3a118261e0dbb397d,15341674,10706404,15342900
0x301ac3099ec0ac934e751dcec1a97cea2c33c94f,0x1d11c93c533b3729ee01f8b61e773aad774521a9,15356419,15177170,15356441
0x9fe328ab2734cbb76cbdf4bcdf29f5166df34ecf,0xc1cb4efb797b953a7ea303e8f9110cc7c9b232a4,15361104,15300783,24951622
0x3f3e305c4ad49271ebda489dd43d2c8f027d2d41,0x0ed8fa2d41c2281626c3406e75a00b7a55298e0e,15369780,15309191,17742049
0x3630456329843bd59cd65313054da67f1a08aecc,0x9903a1dd186a062a85e41ce44c553d71d3b1304f,15374187,15009411,15374232
0x28c6c06298d514db089934071355e5743bf21d60,0x3bf6a17640feae9fab8d883a371f5b36e8e85c04,15377528,15311776,24032590
0x55f6f152a2c8c1777e35b1cc4af7fc2d53b94539,0xe0f4732218815bd45413705d98303c5558d74b1d,15378797,11210841,15378807
0x05a7034af75e5ae0c59d979c401d756698d05809,0x5bfa0e2b6f365fb090bab0772e34d45fa9922a3d,15384755,12658958,15384763
0x28c6c06298d514db089934071355e5743bf21d60,0x1689479b118470ee6401fda07340f89ee4de17b5,15395402,15311776,24032916
0xa7efae728d2936e78bda97dc267687568dd593f3,0xb817f347cc5dc77dabeb45dc071dc4ca80b28e16,15403178,15309224,17301807
0xc7cd3ff87405fff738bf48483b95c44171d72fe3,0xd12e8b1b59d24c87a823887cae24a2adcc8cd0c3,15414847,14885511,15414874
0x510b15abd7078878141a5a49b0ee246c8aee6712,0xa29153ac9cdf2597cd715d713274ef304c01766c,15425828,10515616,15425863
0x51434f6502b6167abec98ff9f5fd37ef3e07e7d2,0xc136e6f4c87f18fac32ad96e5704cbbf26f1f421,15433784,11495268,15433790
0x510b10184853d3999ab01cbce24eebf4e406829a,0x8e85f886047ed302aa58971746adf40db0bab647,15449607,9536953,15449682
0x67865c3eaf2e6a745a6b85cee169c7b74abe97d4,0xbc8d64d4b90320a3e6955d9b8c65f1b1dd0ab06c,15451153,13105998,15451038
0x28c6c06298d514db089934071355e5743bf21d60,0x11647334c1d8b869da7d36fe27e919d2d44c612f,15455378,15311776,24032285
0x1b7ea7d42c476a1e2808f23e18d850c5a4692df7,0x1ba4273223c82d595d5da65cdf910945982ab36c,15458408,11481451,15458437
0x510bd1a857df836c2ad57aa3a6fae396e011d958,0x65d6553c1411f01b66cc8c796188751a17620b6e,15458461,10988770,15458472
0x1bdb1783505f626a55a5e3dd3e366df1cd69c055,0x652d78c3ef2867bb2ecb40c3b336758d3cab8241,15467545,9392524,15467606
0xd8da6bf26964af9d7eed9e03e53415d37aa96045,0xba178ae12daa78de6592847cf8bb26508ae5d5db,15476105,10096224,22457697
0xc098b2a3aa256d2140208c3de6543aaef5cd3a94,0x5a443c9c1ed741237e82659dac3453795f403f68,15489686,15309226,21822082
0xff6c307226343fcf96af2f6b5b05f63f717e68cb,0xba178ae12daa78de6592847cf8bb26508ae5d5db,15493549,13768359,22457697
0x25eaff5b179f209cf186b1cdcbfa463a69df4c45,0xcbea9b2c55e779d49b04fa8cf5efb60aedbf9c2b,15511171,15309227,18708278
0xd1373dfb5ff412291c06e5dfe6b25be239dbcf3e,0x7216ee5b8e9bed4c3a92cdc0b247f73522849be5,15530524,9192044,15530528
0x9bebcc7a2c987945ba66e08ec9b50de0a21d83bf,0x7216ee5b8e9bed4c3a92cdc0b247f73522849be5,15531439,9349801,15530528
0xd1373dfb5ff412291c06e5dfe6b25be239dbcf3e,0x74d2e69c15af09e6f628feef3c20f93380a02c34,15534362,9192044,15531720
0xde0b295669a9fd93d5f28d9ec85e40f4cb697bae,0xba178ae12daa78de6592847cf8bb26508ae5d5db,15537186,15308320,22457697
0xc098b2a3aa256d2140208c3de6543aaef5cd3a94,0xc98c01414712d4aee306dc23ebd934c233205133,15541063,15309226,25192907
0x1b7ea7d42c476a1e2808f23e18d850c5a4692df7,0x65d6553c1411f01b66cc8c796188751a17620b6e,15542610,11481451,15458472
0x510bd1a857df836c2ad57aa3a6fae396e011d958,0x1ba4273223c82d595d5da65cdf910945982ab36c,15542624,10988770,15458437
0xb9a540779596e9e0baced437519038e8e20382d5,0xf014522e53f61f85a266045c72bd2176b1d1e6a9,15560444,12926690,15560458
0x24255de97fcdc93bc876f892e8ece4262b40bac2,0xf1f3f2a68805a684a4893895506e972e2a88365d,15572091,14253081,15572097
0xbca3fc03d639765c0e62fbc12c805c36d4fa1359,0x8889af12365ab1de6a8510904bdfad159f87b2fe,15586634,12721217,15586657
0x28c6c06298d514db089934071355e5743bf21d60,0xf472b2e9edfeee260255f466293d5b9cc692dcc6,15603190,15311776,15603300
0xa2ef8838b5604453981e50959d49250b5749ede1,0x74c9435ff3c4292a8bcc1eab8f097970869d2588,15633077,14461495,20435457
0xc098b2a3aa256d2140208c3de6543aaef5cd3a94,0x8b166e995715df6e439973df582e455c32f8186a,15669670,15309226,23582060
0xe3d5c572ba349ff37371932e3a528fffdb5286ce,0xe79eea683cdcda5c77ac0e868faaff603628a89a,15678408,15050156,15678468
0xc098b2a3aa256d2140208c3de6543aaef5cd3a94,0xeb8e7c90014565eed8126110630efa2d9cd6ebe4,15680587,15309226,22515706
0x28c6c06298d514db089934071355e5743bf21d60,0x86ed8d965561418ec4fc347721bac919487c75af,15688660,15311776,24032879
0xc098b2a3aa256d2140208c3de6543aaef5cd3a94,0x0d1c41d60ef876b3244c9db50ea5c196ced8e07e,15692582,15309226,24032419
0xa690eeb7e657fd7a7474433128082ba9dc8a0a6e,0xa27fb4f91f1745f13e584435486fe61a8d6ea2cb,15698480,15000424,15699616
0x28c6c06298d514db089934071355e5743bf21d60,0x58db0ca437cf8bf1e63d23a41f88c618e420d12b,15732287,15311776,24033178
0xc098b2a3aa256d2140208c3de6543aaef5cd3a94,0x265f5a9b3181ef516d755cb890a24a98e7d641ce,15735933,15309226,24032317
0xa9ca08a10357c4ea44e327a0a947eff4697a3014,0x4e0516d1ae9bf99995b0719f036b1a0498ee5ae5,15736570,15692843,15736577
0x0a87cbf5eec20d8d9880ad21f0260522ff5a675a,0xa6d445bf5281b2aa00da1ae24169c9b8f558665b,15738309,14989176,15738352
0x1b1b3ee4d70b6cff84fee1c4ce5c5d9b42053e7b,0x80146833f3c6446c7de90bad008dea08db1ffc56,15745973,11305059,15449473
0xff569a98591e0e8b99a793f2a9850da7fb716bd1,0x0a7af0e5719fc2b1dce387dfa1a6abc19f42a83f,15777363,15889773,15777435
0xc098b2a3aa256d2140208c3de6543aaef5cd3a94,0x4e527b5f0bc2e79bf7f23f35dba2343beb08ea31,15784210,15309226,15508757
0x510b2d8e30e8c79247c51e04d5be8bf7262f9938,0x80146833f3c6446c7de90bad008dea08db1ffc56,15784427,10990519,15449473
0x794783dcfcac8c1944727057a3208d8f8bb91506,0xe7db0423f96111febea7faaf5cec95223c61b4da,15800171,12948589,15800228
0x3630456329843bd59cd65313054da67f1a08aecc,0x4a20055dcecae6495e748e4b307c512a04b5eefe,15820138,15009411,15820154
0x603c385a139a6c521124372b5980da9c04a2a0e4,0x1801d57c645626fa38c0c21934273296ba7f5573,15832180,14338641,23315713
0x8d520068bb6568adca50fcfbbef5c27a1d8b3125,0x56a98f1d3405f6888d5cb6288c69e460df5e9b0b,15834331,13413203,15834393
0x28c6c06298d514db089934071355e5743bf21d60,0xe3861f980fca04b9b70a9f11f44e0d281dd2ece6,15853771,15311776,24032768
0x25eaff5b179f209cf186b1cdcbfa463a69df4c45,0x0e0a63dce1256033008dfda79424cdb1d1db67d6,15873533,15309227,25665588
0xd1373dfb5ff412291c06e5dfe6b25be239dbcf3e,0xe2a5501a09047bd64eff58b67996bed6eec18444,15893262,9192044,15306635
0x7f90c9c532fad813bc908132d3684fd5584dce90,0x4f58658bddf6ee1857b3b9f27db8f1c7d1a5aa3b,15893873,14932528,19955971
0xd1373dfb5ff412291c06e5dfe6b25be239dbcf3e,0xdf5941ff4d8b78fea380d5eab84afd462588f951,15899511,9192044,15899518
0x28c6c06298d514db089934071355e5743bf21d60,0x3511748c00b6b2dd9f77c1141cec9c0bd7ada5be,15930020,15311776,24032486
0x4565ee03a020daa77c5efb25f6dd32e28d653c27,0xcc09b47d37eb919b553a7db41a088107e82ef872,15933590,10927418,17313730
0xa7efae728d2936e78bda97dc267687568dd593f3,0xbb63681ab91545e04e4b3d0c24e5274ff3e39c91,15933925,15309224,21130861
0x0d0707963952f2fba59dd06f2b425ace40b492fe,0x7208749bf264e3991e7d0ecc58dfae4c6ff51a9b,15934483,15309230,22117542
0x28c6c06298d514db089934071355e5743bf21d60,0x7d4776f07cb50d7b7e2e5c2578ee1bbcb5cf6eb5,15949438,15311776,21523580
0x629cd43eaf443e66a9a69ed246728e1001289eac,0xba178ae12daa78de6592847cf8bb26508ae5d5db,16014518,11721032,22457697
0x0d0707963952f2fba59dd06f2b425ace40b492fe,0xeab1bae68d4951dce7608e7af9ec62cb331a31c3,16018481,15309230,22516986
0x46c30d8a249d1ef68d856e6c710591c3798cd065,0x6bc6f597d61742950588310d66799dcf182618f3,16032662,15643376,18967265
0x28c6c06298d514db089934071355e5743bf21d60,0x0113320526f9e3fa8684ed216950d7d719657459,16059518,15311776,16016757
0x6dc4b37ad025441ebc092f0f53ca6933fa1a3511,0x6c2bc81895c8ef7d0de36477a828c58f609745d4,16065627,9927663,16065645
0x28c6c06298d514db089934071355e5743bf21d60,0x772d2ba01867a8656448a5af8d54c260e74c030b,16079110,15311776,16079273
0x28c6c06298d514db089934071355e5743bf21d60,0xbac3159aad1a9aabdff39cd2812708666baaf2b7,16084663,15311776,20471383
0xd1373dfb5ff412291c06e5dfe6b25be239dbcf3e,0x490ade8c49a8815791cfee93b083cd32fdb6e8c1,16115770,9192044,16115794
0x671d66466fcb4afd48e2b5c8dcfc61e4db9890fa,0xe89460d33e55e6c33bd09014e839f3dd61c4ab8f,16137534,14993588,16137550
0x9b172a24ba580d0ea93cb4b3fec5a1a0a2c1cef5,0xf391827368f1978d1b623172e210fcf9df784ee5,16137582,14964770,16137739
0x6939468e0719837b28e6205a25e0a8e53598af24,0x6800c0e31b7951b19bc91ca5d73bff1ad7120573,16140297,14564282,16140329
0xbbdbdf0b5a658fec016d8fc802408a643d083e5e,0xbfc312cb384fc9ab419a2636307975bdb0c875d8,16142932,15007934,16141685
0xa2a97d4f7d0659f59752cffa8a8cfef28839eb29,0x0801ad6984e7165937946c20e12fd07c121ef033,16143153,14970797,16143319
0x744c3688c369fbb4c823574ca625b4bd64fdb233,0x0801ad6984e7165937946c20e12fd07c121ef033,16143185,14970456,16143319
0x28c6c06298d514db089934071355e5743bf21d60,0x90b6e5327f0e128e904a45deaaf39a009762aad1,16163042,15311776,24032278
0x28c6c06298d514db089934071355e5743bf21d60,0x510c12be6f6fb358edf53c92be7f8fb04d6a816f,16170187,15311776,21481555
0x28c6c06298d514db089934071355e5743bf21d60,0x7b0d505eed23a5d438967d5aa0c0588d69b5b660,16178467,15311776,24367568
0x356ee97d7d560af2e97e9f9eee56b2e09d60e6f5,0x9da83e5dbb6a91eee2f7c06f84b366138ef300a6,16207069,11825357,16207084
0x28c6c06298d514db089934071355e5743bf21d60,0xb9c89531c407900d5388d2c4571cc98e472d60db,16254689,15311776,16254699
0xd495826cabb093e7dca498d1a98e4dc55e0c29db,0x2da0cb916b8a67a6e9e2e23e7af91b5328e390f9,16257030,9153046,24707757
0xd495826cabb093e7dca498d1a98e4dc55e0c29db,0x91cffb9ba0586ccecc9f9106b6e5d9260d2a28a0,16257256,9153046,24706485
0x40c839b831c90173dc7fbce49a25274a4688ddd9,0x5cb495d99416e888ab25cea929376e76f6e24a26,16278194,12452428,19976786
0x28c6c06298d514db089934071355e5743bf21d60,0xf2159ab33dba235f48194ebef17bf7ac7f19922e,16293210,15311776,24880518
0x28c6c06298d514db089934071355e5743bf21d60,0x190cb3c77858444ba0cbbcd16efdc01dd870d5cd,16338297,15311776,23528035
0x41e6591e63e69816ac105878af9f01aec5fa74ff,0x3826f27cc50275c2e04e63345e2be0e9159e8f57,16382130,15033360,16382144
0x2302513bed44b048b5ed26fbddd1340f13ce7680,0x0bcde6e69fe6b30d253902f20e59055befdb4a07,16392349,14684010,20087136
0xcb377b9e0448c529ebf96c1e1e670bacc7f0037f,0x156aee1ae9a3c743a687a5bec3798a44789ee9ca,16400372,15033665,16400390
0x0c27de907e39d3817b0ca2b9a03b5af6c17fdf27,0x669e1ed9cafb703e93075e0ded1f5af959187d1e,16400457,15033579,16400464
0x8fc121d6aa95bcc1ae07044ffa0e74b729d25fd1,0x7fbe7fd3a3d79d21f889a5220e915304aacdbd4c,16400545,15033809,16400578
0x87a8a79c2c3b58779a4df43103cb8596982fc5a5,0x5c6ac09baa6ba2a874e8bf66111895fd96c87fa3,16400617,15034597,16400627
0x9e6ff3673b6c11a86f483535b357bbe822915f2e,0x72075c2cf957f4cd936db70d942aef2b42569d2b,16400675,15033843,16400799
0x2597009f36baa9694a70eadb944a05540a1e31b5,0x9b436d583d52e12186dcde85fd91e2b16f8bd1d4,16400695,15033328,16400755
0x32013665e419c379650b5853a948f966a090e409,0xbf8067ce6727050c27c652ad17e2d8cd8ff81d1c,16400830,15033554,16400861
0x090155fafd142f24aea4e86749e42f0e462c348b,0x931ecc23167d7540d8a40e50f1d2bb1df6e628af,16400836,15033392,16400879
0xb1494de860e5a6ffbad4960109d008c91a876607,0x9f2c13281ab2a04aa9d2190c72de337968209595,16400926,15033494,16400962
0x4fdb920269e1921b6867e2a48548ea549f23b131,0x89f5017b18a56ba9a46548accc6915c64c1c7c17,16400958,15036927,16400990
0xc1593ec543a9128b3465a1f68d6853543af1d429,0x55591b0ef2e269f14cce538547fabeea695a270d,16400986,15037166,16401009
0xa55a198b469681d52673c45e005ff5033a045615,0xfca09c36da7fc26f494c2ffd55796eea3da0ebde,16400999,15037115,16401013
0x0682cc1782099c932d9570c5e78c2230ad94f269,0x6df530541717a25f7e7a1e364fefc067a98f916b,16401065,15037395,16401150
0x485ecc157bd61e85ec7292e533dfed4c1786c075,0x2a2d1afb29dd42e7be96c2f2c916a7f3b75e42e3,16401083,15035420,16401193
0xc41505927f2572c7d183df18cccea0d27b103199,0x6388d061c4f225d5af657f19b8c0f886444066c0,16401158,15037285,16401284
0x78e065d6f866ce6c52d833b1f8201a3bfa2c8508,0xed9f13aba232f2c1cb5a3a12382953ffef728579,16401196,15037597,16401315
0xa7efae728d2936e78bda97dc267687568dd593f3,0x4f428dfd3495a13d27333688cccfd4b1f94da806,16401245,15309224,16401625
0x0bbcb7e7e94329d7b40d450ba4d9bdc7492e5d99,0xdefb17bf907e6f5554d0b4aba7df200bc58e65a1,16401270,15036996,16401318
0x1a786fc076c8d02ae7a13171f5022afe684d8205,0x630e936104daf5e49574938c15e62df0d41da510,16401294,15035387,16401441
0xfe106d8ea4c6e2b4ff01374f163c6a0df0def05d,0x165c63c046ce8e4bef8f351ccdc77cf585620381,16401324,15037569,16401454
0xbad6c1e093d8085797ef5a549d13ed104ecd49b6,0x48bca669c9878df58e17c49efdf0eed6e669e983,16401466,15038960,16401493
0x7424218aa5d3f735a06cf8f6c192171c58c49f73,0x75a034140754e135fd4794a40ef987d488894293,16401480,15039043,16401628
0xd6c4ac5582600bc7051170b70d6d41a136c467d7,0xf04a7a53384db0553905c828a13f66667b45e14d,16401636,15039833,16401650
0x76bfa89b05fbc9a3d83ab8485bfad6c2ac546f45,0x2f0b4c4f35023b3f08346df29d1967fe1d388f94,16401641,15039137,16401653
0xb12cfc22c64d92fef063ffe964090d4e46cc45a8,0x5a1092a15fc64b693762fe9ff2ae454c40f23517,16401657,15038914,16401674
0x1f3f97b2e4c8e2b978b1c2ec77d5c7fb7d7ba87d,0xeffeb6b493b89f86f9ee41c4ded717f4373a8d1d,16401681,15038871,16401710
0x58b3059c65683d01fe497cb145cff0175d544f3f,0x893f780f2954870125f228ddeecd812a9d309ec3,16401686,15039385,16401713
0xe3e68c550e6baa7f5f3c366d2dcf0b5558901362,0xeaa1be66d91b5b5002b84d3a997ddfeeb2167183,16401690,15038892,16401715
0x90d57aec6e9fabbf6a312eea90f1714de43d49ad,0x566ca1a1e5ecc8ba7dda9742ad5db5bb49bf2399,16401723,15038900,16401742
0x426324ab04c1e3757a62b1f81464c39be0d33c25,0x1fdad7859d3d020dfa568735a1930366cb9196fd,16401728,15038938,16401744
0x4d59a229d0fa611a2d471517d391d79dedc68cdb,0xf7cabe9c9134acc3bee00ff33604e292a8885282,16401782,15040235,16401808
0x934fa7f03e231eef9a642579765f80d37011639e,0x431f01af74aaa2862a68348c9e6999e09ad92ec4,16401791,15040450,16401810
0x87502015fe4b1c20444f5eca8648acbd2e809f06,0x507794010396b9f0fad64ae226c83652bc56645c,16401802,15042607,16401813
0x911bef7ab83673804d0e59ab7f4f23706a6d73ec,0x98bf900da364139ba352ba09645b03811cd45cc0,16401858,15040218,16401880
0x392b73a3fb2e0289b7660f4117ae86efb18d663b,0x123bb645837d445707244e58eacbd5a2d75039dd,16401864,15042512,16401883
0x45e23e6b959126c4dcf53d0f0033992280d2b197,0xaf0f80fa73d55a5f3fb64bb01dda0d5a1f37834e,16401868,15040192,16401888
0x7b5f9903e3113897e2ffb2f6282ab0a27e935cb7,0x84f462005357f4a814e2bab3886fed6ae8cfe300,16401911,15040365,16401928
0x80ecc2f5f3f15d0908205b418308cb15d98ed48e,0xfe8c726ef85f45bcf270fc9d5dd0481fb2e14b5d,16401915,15042542,16401930
0xe93b8df623841fb5d06eb5705d9bce3c1e7cb636,0x4f390627ead82e089987c3990c0166d17d0afd10,16401919,15040250,16401932
0x975932b0c6232658fb08da68860579e6bd6cb325,0xbe27083977b2584f1b6522132f09d642fe220801,16401924,15040265,16401934
0x585762f00f15df89bcdc52d051f8c6ca785fa315,0xca07e52c3f7d4789f25495b87878db34c16cdb12,16401983,15043269,16402003
0x16a9918da132d006d96c5f306bb00b280591f548,0xf91d76a1af8e94d528bec978681fd0672c5ac888,16401986,15043300,16402006
0xffbe752aa6e72c4b0b7bcc65dd0b697e9e8bb96b,0x7bd7e7bf693975c2cc568381d426812f4ca0de1d,16401990,15043288,16402008
0x6ab8d06908d62ebf7408efaf3a976c52ce67a3ce,0xf029ac13f04a38c1ead19cbbf84b224e6d0f2387,16401995,15043186,16402010
0x71200317c1fac3c47c233500a95f7a4751f73463,0x45be857ba8a4a4682c0768a994708f69ccb30ff3,16402000,15043231,16402012
0x6f865fbe154ad1ff91fb7ab97d9b936db07eb63d,0x0f52789dcc5523343aedac4ebc65a2584966f773,16402112,15043201,16402206
0x615e0eaf7e098bf62bb1fc1604627e8ef63bfa94,0x0f71d7645d866f5b6016281eccde34a33b23a23b,16402147,15043907,16402208
0x8fbff7ba6785f1c97c18e55f4c0ae01138925db4,0xfbbbcb1383d446afb72e249c6b2d3c68e45f419e,16402193,15043317,16402210
0xf80a4c378c571ac9810c94fab64471cec739ec60,0x3edf187f3bd3d568b249c4c0b2a22343aa5bf071,16402196,15043250,16402212
0x01da85536e2ca9ee0fa8e85a010adaffc840e6a9,0x369bde04d1a18b30944edf8d821a8253fd6c90fa,16402202,15043426,16402214
0xfa90829c6aee8ead93647b6094f46a5957165b3b,0x9311a8699a6788ed697e2652bb57d34d48e970dd,16402306,15047595,16402329
0xe0c435ff40ece84930ca0dccb9804f02c4b64559,0xcd11f4bdeb7e2c7040b682a813055b72035a9e3f,16402310,15046069,16402332
0xad638fa15c56b9370d66ad68c4077ed24050f703,0x68cdc0d210ad19a97fd310449363bad7ce2dfd43,16402315,15046080,16402335
0xff65514367da9055b8054352a595359232957457,0x4ee1d01cc9cc431fcd9a68db630c24a059bd8933,16402319,15047626,16402338
0xffb7cfbd50761fc85931597883c9ff0e84fce571,0x55d1d8ba225d8eaf84d4ea2d1cd1f18e5f0a0f0d,16402325,15048084,16402340
0x38fb4d448a425f9989ee810d1a4aeb1340ffd965,0x068fdd77aca38d96e888688fbc960893e9920b94,16402669,15047564,16402691
0xe3fcbf0eb649202d77755a05d23369e33f8d4bd1,0x4396803d1f8a90c13bb6d962094df676912e0ceb,16402673,15046053,16402693
0xb0d371181ed2f28d380ddc678113a2818f92caa6,0x13d0a7ea5910a5ff7b237540dff4848e54badcb5,16402677,15047612,16402695
0x44a65928a8a40063225f1d6a1967345bf4fc4275,0x590d0fbcb0375b8ecee4a1d70615bbccacfaae55,16402682,15046121,16402697
0xbaedc4f88aca2052ae32a16ca59b6ca5d278b885,0x55db2da0d4b52ba0ce7a713d7d535eaa69fa573c,16402687,15046032,16402699
0x82e6b79eb3f358ed6dbe5d46f8d65d7bdb089c49,0xa2f715b8f59f4b139fa048f28a7f39b6bca24ee9,16402781,15049142,16402841
0x0794dcdb3d08ab4801d620398e6e8d6061264963,0x6f21b7ccee28edda8b4ef593e3b622854bba088a,16402784,15049364,16402843
0xc0b86f81cb696a651237d18dd96c3265512aaaf3,0x36f460d393fcfb8e307bae9bb143ff0a5f125434,16402788,15049170,16402846
0x95f40e30d045e1a1f4dee220403bc8ccb0cb889e,0xb1eb626aa4bfd2d73b82a5a190ac66fc51168c0d,16402791,15048510,16402847
0x359631dda7c144986be6351c70ac51c50b91ebce,0x4b2eb348274e69f4a0f78d26c0131be76eb83b28,16402795,15048481,16402849
0x0b961b08f130b1175ea208f5887000fc51afa67c,0x0841868de5431b9a10b7b359326900cc9158a563,16402816,15048495,16402852
0xdb018acc878fbabd5a4ba7732d40ed77842f86be,0x3ee6a09f6cbaadc3b610dc1b2459e8eb3f563bcf,16402820,15049601,16402854
0xa6e972d60448de4c4cc97618982023a31c6c06b7,0x87b07ccedaa5b025910a9897e3412d1ccb32c7b6,16402823,15048536,16402856
0xf74adb01d9ee5a107833e9f7677e1d1fe39bf571,0xc5cf823fc1430a4f6e94508d628d0597a0098b2b,16402827,15049120,16402858
0x64731a1ec180cd3fcbd354eb55fa13a80a79f251,0x68ebf64cfbd45b9297a5573d41bdb895ec5a60b6,16402831,15048550,16402859
0x48aa9d67cb713804c005516bca7769c159d7897c,0x4c535831cbd8935c9b96aa8c5a66d9d6c0888038,16405427,14779963,20302886
0xd161f7fa342dcefeafdeb0827b83a400f57ad0a4,0x40bc552027d9fd24092f4d9c6095747fc8ca8824,16406503,15246679,16406529
0x0000000000000000000000000000000000000000,0x91cffb9ba0586ccecc9f9106b6e5d9260d2a28a0,16408837,9117019,24706485
0x539e96fad131ef18075472ed8c5fdeca1075d0fa,0x63b475e254b91c293442264eb68079627e51dd58,16417983,15265634,15893296
0xb504a3d2e25d32eb67b7b531d5066e170c8f0d06,0x7bdd1e8fc1da528740d802b61d6c03bf46fad73a,16423342,13132581,16423349
0xa1e4acbcd8b4cea1df025b93809741f672b4b817,0x6bbff4db13a858f418fc9dda0cba396ad05dcc56,16435156,14195170,16435303
0xc9049cb9ab542d0bd0fa099ff8e3e8b3fca13b13,0x9c0b8f834f47463d71a6c9eae4d18cc48881e59e,16464116,14860932,16464135
0x28c6c06298d514db089934071355e5743bf21d60,0x94bc8598ffaedc6a19f3412c9edaec38bfb2008f,16473441,15311776,24377085
0xa69673ca0fd6208af1bfad8cd2cc2ac2a4628879,0xb685ec2f5317e1642f96879a3ebc4068b40aebc0,16476599,16398649,16476662
0xdf268751c64f91ef7fd10a31b655783e7b905934,0xe47ac1454abc7758e3cacc711317caa6bf79791f,16481718,13522808,16484333
0x7edd9ba1c8780ef70a1ed4dfd20bb8d91e5c03b0,0x44d1ca986e649e28cd6d84eada5097ef16df214a,16486050,14797867,23024746
0xa344ddb8b264130198b1b1d2ecf3ad32e3ef2e42,0x1a56af9452ee65a06c94d2e4e3c22ba217d351a8,16490148,12981490,16490153
0x9c72a4319ef2afedd0b16cf49d5d7ab704d08d45,0xb164700483bd6ea8e9ae4cdaf102c418c101870b,16491556,14290025,16491622
0x0000000000000000000000000000000000000000,0x996f7c241007dceea584ae035a45cb6b98e8974c,16522661,9117019,22191740
0x7c6726965e716c6e554d761a3c5f9a0c9040380a,0xa1bfdbff6bd8fc157a704664ff21d4d1f3d246bc,16533661,15537144,16533758
0xb2e19dd996848818d972dd3a60a1b7faffb82330,0x48de34d7440791326e9c924f0c87728dc0472d9a,16538031,12034652,16182439
0x3e695161ae9cb340d79e592c0549ef796879ce00,0x5ece6be0960c5e63797383d46c6446d37595c925,16558458,14682002,16558737
0x28c6c06298d514db089934071355e5743bf21d60,0x490c05b3f109806d31b95cdb49cfcf02796ce4a7,16570469,15311776,21260153
0xa7efae728d2936e78bda97dc267687568dd593f3,0x739952a05413f338c43c71f7ce8f86d982829179,16572265,15309224,16583694
0x28c6c06298d514db089934071355e5743bf21d60,0xcdc48ffde5454e5e3f278bb81f41e9ea28d0f1ee,16598742,15311776,16599096
0xffbd7b73e7b9e84e719f08082de6f3a39a12b862,0xa540304c639ad8f9c998009b886c3cc67a80e33c,16630009,12131126,16630517
0x0000000000000000000000000000000000000000,0x79a16039ae90d1df5b8fc9fd00657d1dd251e0e3,16634646,9117019,23134673
0x93b791bfac19aa4e583b04c92ad69c472871544b,0x1f3300565302a8f7734ef5356775733131fc5438,16635148,14561203,16640355
0x45efd87c266977fd8bb254e5fa6c71bef9119af4,0xf2036a77577a85c9fdab2e675b69541d18d9d6c4,16672415,16621482,16627439
0x33c2c3714b8c9cc4df5b48d06c6d4b2179801613,0x13ed103b9be51e8c304376aaf4107970a56e13a0,16683568,15255628,16683582
0x0570cb870b3a2f0c7e10602a9f013a122bf06a9d,0x99cb11bdc7cbc6581d29405c629affa24729b6b6,16718423,15221464,16718434
0x28c6c06298d514db089934071355e5743bf21d60,0x5c108b08cab048718564d49921d99c381808fa86,16719477,15311776,16719497
0xc6dc3b67e21e25b03326fc4e2100187a901c4c7b,0x35de0fcab385b659c2aa5924be9e0e5e123c04f2,16721843,16611845,16722079
0xd8e749e457fcd1918c9a589bfaa87db9f8e154d6,0x7f15cace1e5fd4db561ad4f0d85ccb7cad1a2573,16739818,15335203,16739825
0xd819c62dde216ef3b508d348542b59477efd606f,0x4c535831cbd8935c9b96aa8c5a66d9d6c0888038,16741404,14730093,20302886
0xd108f35f06449a3252b6ee69b6ce2dcb5db73411,0x4c535831cbd8935c9b96aa8c5a66d9d6c0888038,16747185,15802808,20302886
0x4b94dc1fc5724d70f789ff87cc030e4c6a4e92e4,0x559f0baf918556f27eb90a393c41addebd9ab2ca,16750173,16740373,20117292
0x967dd72b5cd7ea16ea9f2ddf55e468f85fc6a961,0xb67d781697e197ce6b70cef299e344fb91318b96,16819260,13331520,16819297
0x0d0707963952f2fba59dd06f2b425ace40b492fe,0xeb57dd0a036e0bf4bf16a00c2697c3f6b54d10ab,16841232,15309230,24032934
0xd39ede02d333356e86759ac65686fd32ed2f4319,0x8c7ee0fd1e7fd4236d848d663e266c93594aaf17,16841330,14201887,16841360
0xe29cb11cee84e0ffff50dc9ffcd230d803ad18fa,0x11c34d9c67162dd21273e8844c831f7b182026a6,16843847,14411231,25043635
0x0a6638feeab9714442106080b411987814da3267,0x842256447be06800b635789d31b7387ddff7a2f6,16854822,12877694,22065095
0x4460be631a76f8f88455b19afdab595fc46203aa,0x372cc45006eeffe7d2557cc0b04cd41c08f7ea93,16855286,11847014,16855295
0xa9f078b3b6dd6c04308f19def394b6d5a1b8b732,0x59cb8c7af31b7f48208fba59f4d69fb25d85093f,16888669,11874750,16888705
0x855328ee5e94924cb83b267f25a513c2a2fc3e5e,0x40f9af2d0a4f52e3cfa8ad1658812cd293b664eb,16892232,9128250,16892252
0xd1373dfb5ff412291c06e5dfe6b25be239dbcf3e,0xa6be4a3434c263e71c44eb1313bc30001fcaaa09,16896065,9192044,16896075
0x61c3bb1d85c888b3a24f8f9a356a37a039d7110f,0xf5d226d456d21606c8ba828f9928ed5f7b84c9be,16903386,16254796,16903427
0x52fff3dafd33745de340f824ae9d5a5db80a9e6e,0x77a83ebc498ef5dde83754f513ce2fc4e3bda022,16919403,14970008,16919413
0x40a3432bf43137685860c0968c7d3ac503ccc5d1,0x67693a9e569862ad8af583779310d5d4afa8440d,16920874,14290111,16920926
0xc38b65c062be534ddf513f09a3c4fc1ecb6db96c,0xcc381855b9f4199efdc12193a2a0ae14a7ee084e,16921579,14417132,16921625
0xa1e4acbcd8b4cea1df025b93809741f672b4b817,0x66a169c8472663d6e3de2e7c053fef9f698b9694,16922066,14195170,16922079
0x6236b9a8477d934dd1bfc9899bd8a11b8a670afc,0x0ec01f67a67132476dd3654337d91a0bd69dbbd6,16928161,12822207,16928167
0xe9e666bb3b0cb8b435cc79a825d296262ce15533,0xf8208c964ff6bcbae64811e6ded44b6602738ea9,16948401,12437179,20103237
0xd52c1d745c16d52904b32baf4a08b3356a5136a5,0x3d145fa886adac4a45a35ba9dec7e903a0a39b58,16986083,14034980,16986113
0x50a7767233daa95a48a7ad82e12220c7e3b610d4,0x9b74d4ea209153904535b0a66de0db7874d3a7f0,16988270,14724189,16988088
0xa7efae728d2936e78bda97dc267687568dd593f3,0xe3861f980fca04b9b70a9f11f44e0d281dd2ece6,16993195,15309224,24032768
0x28c6c06298d514db089934071355e5743bf21d60,0xaec48315f6a3c5ee8c8996fa8f2c2692e7ff6367,16996163,15311776,24032773
0xa5aa34f78d1823c347faa933a632f07be6788b52,0xd0dbd3d96a929b35ea454e59c4cdc677bc50fab5,17008551,12902146,17008586
0x53d53ee1c4bbf6c2a66e43921e2c7a8efa1687dc,0xfb210bcc339a3eea95a42f399a805374d7776a42,17018610,11799772,17018622
0x94944cb15a7173ca473aec5127987742c9a36b29,0x277fa60139d2c5e23a7b1d5ce59d36a586327c73,17061700,15486557,17061708
0xd4acc0e97068b6058df23ba5674edf519914f060,0x8125e0c5d715b28714ea11caf007ede03cd240a8,17065136,15508822,17065144
0x741bfada74cb5a470dcfbee739ccfbb55d0879db,0x0ac925c2b0a6fcdcd6c32ca15c35a11b076c3d3d,17067050,12220813,17065771
0x62ce259037ae1fbf0e7bd77dae11dd4f6f4e3574,0xa104f005d51cfb65771dc5528de95660e64e7dc1,17073265,16729316,17073270
0x19395e990c4b4f24910b78f495c17627932cd10c,0x0efbee7aae8e8b682c8a9e54da0a4356f3182563,17073363,15496015,17073370
0x55d3491041fce01d0b68fbdc613d06dddea61974,0x411dbcde09a05b6f36681c706e98a7d430c47a96,17073403,15482780,17073633
0xa43a920223578ffe606600f436747ff4fee7ca6b,0x4ba9b02ee008a216617ad0f8bd76b56263171f43,17074170,15528385,17074177
0xe562554cff5a071be074312129b940f64f7b8b75,0x7c126548bf05df3fa03a9e2ce3591ddfd19935f6,17074236,15492182,17074245
0x83dc33b5e0167fb076dcfe4d8ab32e923e9d5970,0xe37e0cdb807674bd16fb8fb4f5bf284149476e97,17075972,17023958,17076072
0x0d0707963952f2fba59dd06f2b425ace40b492fe,0x8efa9b19e84676173b6ca01fe240bb7014a984b7,17078988,15309230,16884361
0x3c9af946c5f73d46b0adba1badb91252d600690e,0xd5af9cabc01f0485e99ebce2fece6d90029304b4,17081520,17030799,17081524
0x28c6c06298d514db089934071355e5743bf21d60,0x43fa5a2a422c788f5177bfb31e72d285dca09b33,17089638,15311776,17111143
0x1902d5e57ebd67dc2e7db66f50057b910199816f,0x29269d38fd859cba839b98aa6e7d4d48ab5bec2b,17098265,13761249,17098277
0xbc65a184a8967880eed8900ca878c7dc49d2880b,0xe1319c68a793d3ac4754c3cb8759deeb19ccea20,17116308,14814787,17116313
0x28ac885d3d8b30bd5733151c732c5f01e18847aa,0x96bddc1fed0daccf0ca6eb2ba5b2a10d7b6ae1a0,17116596,14310949,17116799
0x2f99b7c0bdcd933f58d49a4a6a172b1a03cbb413,0x96bddc1fed0daccf0ca6eb2ba5b2a10d7b6ae1a0,17116636,13483261,17116799
0x665967faf572697e53969c0b7e8bd336b1fac885,0x9da83e5dbb6a91eee2f7c06f84b366138ef300a6,17116991,12348981,16207084
0x793b505e20656efa8fa330fc3ddffbe9cd685246,0x7a968ea82e24e83c0973a2b25e407cc1e82aa6be,17147101,17146172,17147111
0x93581feeecffa929382ade6259324fe114864c72,0x54833aa82d2692975e5729b59fdad3d319dd58bf,17156734,13649584,17156742
0xa624ffd7f011b20a9df51c6d2dddb51c52a20e75,0x205af34d22bbe0a434494df4be37431c65881452,17157031,14150100,17175662
0xa6303dfdade8668362d8b2231ceaf5f6e8f817ff,0x9ecb3730f92e882365ebc2162c9e319b59efcbdd,17164516,14882072,17164572
0xff3e81d3c7900af4d9495058a0efc26fa0458de6,0x35ae2068dd18149b38c6a947d3ed746dda7b3e49,17169037,12426410,17303955
0xf444226f843bbf4962680daa059da3dd609e4c5c,0xbae2c77452c8386d86a646eab4b04f604fb8c13a,17175582,14151374,17175586
0x015b386c314c52efc4f051ed9fd544a65df33aaa,0x72299df9c315a21a1aa2be97870e8c0913bc46e2,17183453,13143956,17183478
0xb8b1572e40d92cadfdbb7e5f5b7b8d0efdf6085c,0xbd53a282855cd901a89d4ba485a7fa3728d48132,17202282,16812601,17206755
0x28c6c06298d514db089934071355e5743bf21d60,0x9ab8ed5d6e9cfbcd1597d78977d71978416b94b1,17204724,15311776,24189078
0x254a553535039ead5417f95f194b32a471cb2d17,0x0412c6bb16c69cd041dd69db52d99cdf23816b26,17210250,17208729,17210467
0x0000000000000000000000000000000000000000,0xa1921dd076884396685914c677fa7a3ced678313,17227069,9117019,17227080
0x0d0707963952f2fba59dd06f2b425ace40b492fe,0x94bc8598ffaedc6a19f3412c9edaec38bfb2008f,17237362,15309230,24377085
0xeadadf8b092e527dcb00dd0f82e110335010d306,0x46886fb425eb542ff19258292082af21974bb2fb,17243188,15027019,17243222
0x2b7c013fd7cd09d315fc431030db55d58ffac21e,0x3851ed2c666051bf1fd573f098d7d33a60448143,17271865,14377496,21567047
0xd8e749e457fcd1918c9a589bfaa87db9f8e154d6,0xa12c45193f1f4b02a2f90e5a80b5b017a796cafa,17275040,15335203,17275057
0xe8e42551bb10d40cecc35e745339d8ef31fb4b01,0xd12e8b1b59d24c87a823887cae24a2adcc8cd0c3,17281751,13219013,15414874
0x24afcf59e0e868dbe1777e5a4540a1bca19b1cc9,0xd12e8b1b59d24c87a823887cae24a2adcc8cd0c3,17281770,14898281,15414874
0x28c6c06298d514db089934071355e5743bf21d60,0x265f5a9b3181ef516d755cb890a24a98e7d641ce,17297093,15311776,24032317
0xaa02da0c2774da88b9f27e76c3b1d36e7ff7eefb,0xfdee860632d11f0cc3f0d4b353c3763a92571c6d,17305158,14275664,17306515
0x57bf3b0f29e37619623994071c9e12091919675c,0x83dd55c2fe16ab2c339a528b14e6771f93e5539b,17309636,11808940,17313617
0xc242cad587c57dee1f716ce81ba740c5e7f658cb,0xfadcb0ba7ec37674ab3c153736498084b163c317,17310963,15302042,17944380
0x2f0e02b2484abb731b54dc99ae76e1e6ac3fb4fd,0x123f65f5b9dc2de8531deab0f3f2a3a164779d28,17311240,17308743,17311249
0x28c6c06298d514db089934071355e5743bf21d60,0x378467322ad1c1c9618ba9cea570ce0d803d67df,17320770,15311776,17320780
0x50a7767233daa95a48a7ad82e12220c7e3b610d4,0x65eb3264d512bdfddab18e022d663be0d3e8bee7,17334108,14724189,17616487
0x28c6c06298d514db089934071355e5743bf21d60,0x33c9518894f83865ca2dd1b6259b5dcc20c87651,17343043,15311776,24033673
0x28c6c06298d514db089934071355e5743bf21d60,0x5070c983a095d20ea87f162ae0d34fcf15f87cd9,17374114,15311776,16893301
0xa7efae728d2936e78bda97dc267687568dd593f3,0x265f5a9b3181ef516d755cb890a24a98e7d641ce,17376102,15309224,24032317
0x0d0707963952f2fba59dd06f2b425ace40b492fe,0xb80c3410a20fc4078a1c14847263a0e4ef53f4cb,17379173,15309230,19937013
0x7a47474ac40239f35cadc069ffbeb2a21c85aa8d,0xedd84340612cf44b96be89a070221b5bdb02c3f2,17381335,12990013,17381971
0x175cca16831ad44c5ebf4601657475f56a31c18f,0x60c6b02c55f03f404fa557bc9acb6778e6260c28,17387708,17380761,17393846
0x28c6c06298d514db089934071355e5743bf21d60,0xa2786f918752b8082429ceb92150c0624ea28543,17391022,15311776,25239473
0x7217a656bd5442ad6aa51014e19846f4eaf42fe4,0x7a1435c50aaf3638389201cb9c619218f3121d3b,17413282,11806997,17413327
0x28c6c06298d514db089934071355e5743bf21d60,0x3e407e7f75c8b4b5ca3bbcdf991973a2dc40e6f6,17450079,15311776,17151414
0x1e3faaa901db76af195dff06649c06b53f2da71e,0x3f46bc639931749f5dea750c10e9fa3f06295a3e,17465537,17465352,17465564
0xfac2d6351f31af551022903d5dadb81f183f75a4,0xd8094ecfa5b5261c40f5048b1dbe13c3f592f6a4,17467193,11521271,17467204
0xe8f66e185ce295c1ac47e3a3cac962ec170b2c8f,0x43e1b7cc6a71e1b6c31d2a280d61e9385672956d,17475646,13807867,17475655
0x4a45b4db316ea5d7b615bec51b5a30d141a955fe,0x47b4cd37285acbef04107072603081c57f1af45e,17478955,13699820,17431524
0x7de3a640b9c1c52e6ffabe518b4b62e6cd91ab18,0xd58b59527c7e90ac975675ae2506a0383f9af6d9,17484763,13693056,17484772
0xe98ab1c46fdb1626c9a6c7853e2b6e40692a5e9a,0x33ffdbe1e8d2df5a2c3f01cfb146464f6282d128,17491836,17491770,17491855
0x57bf3b0f29e37619623994071c9e12091919675c,0x9105180535c8120ea74447d3ab688c5f5be4abf6,17492575,11808940,17492580
0x36253ed622e225836f24e01ee62e4884783f075f,0x9cae31e2fec608b0889f6c7c174e3dc152811331,17497052,14484422,17497094
0x0d0707963952f2fba59dd06f2b425ace40b492fe,0x59e8ca04db30036ccb8d61ddba971ffb289c8335,17514412,15309230,20458047
0x57bf3b0f29e37619623994071c9e12091919675c,0x0dbb9d8b8f88bff627576e38ebe0a09292cff0ed,17537585,11808940,17537603
0x7217a656bd5442ad6aa51014e19846f4eaf42fe4,0xd5ea278760ea7b7334fe2576c4233614642164aa,17537685,11806997,17537691
0x52fff3dafd33745de340f824ae9d5a5db80a9e6e,0xca303d962efe6723610a92b40aafe87b3d419f63,17539898,14970008,17539906
0xd265824be61012db8d1decb3d5a9e6df0cf07a9c,0xe87b6fd8fbb663e5b12cb5a9bb214049a55543c4,17540884,14925229,17073694
0x3efa4faa8c25fce6f9a7138c42058fbadeda9ea2,0xebb0f4e041a03f51e0564d5f7650a451d4ae6bed,17556725,12670593,17556731
0x447d1ce77ca4e7e3bb49d9987a9958b82ddc5abc,0xa2d68177c11d117191fbfed21efd50ebc4574ad7,17557992,14237080,17558017
0xb8b8a001524471111177d56a51de3bf45bf5a04e,0xdd6e6f35c885411376cf5e90d3b29fcd2a606bd7,17558004,14233326,17558026
0xff46a98ed0bb2929c4020acb93bca3ae8685eb45,0x9b28e9567be46ff1d23b35a33c7ae4fd9f11d0af,17558025,14232902,17558049
0x987912ada823b08c8556aab2915336639ca9200a,0x21646eb256355609b56ead82cd0cc5b8e8dbded3,17558041,14236603,17558068
0x024a5a021a96089d3247ba901c7adf9632ffa8d9,0x3c907a1d93910977dfe5ad54efe2bc3f022f324f,17558044,14047331,17558073
0x968fc29b3d6cb4a6af4ab5894a3045bdb770dd2e,0x69dcd7988d10cdb11870256832b62959cab97171,17558061,14156551,17558085
0xbdfef37bd396ba2fcca0b00f1423072babdf45e2,0x6bbd66058e1fcca4892e788c86c1ae2c1dcac295,17558074,14238860,17558099
0xe889f059f1bc25e16b9b942454fb72136b0db946,0x0378a357f41df28bb3e6a2fea10a60b035559e94,17558095,14233178,17558167
0xdd5abb3a808aa93d51a8a9b9a322ae934ad0a40d,0x90c5935878701dd25d0132719897d7bc97356d3f,17558110,14162556,17558168
0x2df19f94c0550e00d74425e86175d8183b25575d,0x1d201b00467d89442a94fc9388459a17aad0d0e1,17558110,14164983,17558168
0xbe731cdbac66d43f2ce460c87fbe9757b7993292,0xa24aa599410cd20c539523f60cb7f2a11004129c,17558222,14236823,17558325
0x7ebbc4ffc11327bcdedd4d553fb1126f97813258,0x4b596fe721f07229845b2d73e487ddf40390fd3c,17558234,14156631,17558287
0x7965e73214c1e95c79d2debec23302bcd442d7ea,0xca01e331888e95209c478a67cd1562cbd37c56be,17558236,14167563,17558467
0x64001d225292867f661bb16621321bec483052cb,0xec7983f3800679ca7d80fcb4a1105e987e79ecfc,17558263,14125058,17558288
0x63ea88c5f4be3faa4a597c3bea5c6a3b4408d217,0x3b451ea6f0394f705c57d67383544eaa8a77cab3,17558274,14236216,17558303
0x140d84fc5c8aab3ec107b9ad3f5897725d016891,0xa1896ed1ba35a27a2b6f8a039c663c25b19f9a47,17558401,14233208,17558427
0x52d0ac973dea675beffde1dc62b66f36a55a87f5,0x8b2882da0cc57c14492205be3b9f8d18bf4dc7ad,17558433,14125073,17558459
0x67baa3de422be3f00c06aac5140d27335b9b5c6b,0x983dfa199eeb9030acdc8349568fde33096bf5a1,17558466,13982885,17558492
0x27f3b7a172e46430ad6f6d1720fa4623237e2dfa,0x924841871406cfe9ccce8c79c86e91cccdb960ce,17558496,14137824,17558528
0x1f7bde66819058393461bbee98c9a146a85ea791,0x1fcbe998e33d6731900980c2a23428bfc59470a7,17558571,14125110,17558601
0x6470ad27858cbd52036a4843e2f9646e35877c09,0x30f1795a6fe2f6fd0e77d850328cd0383fbae92e,17558574,14237638,17558599
0xa7efae728d2936e78bda97dc267687568dd593f3,0xd4e91ed2a2ace70906f390dea75271ac13cbf759,17575036,15309224,25359324
0xa1b16f9148b86ae38e745080facf518444efbf54,0x3315a1edc42ae22e0cc9b69746c75d2b9ee1fb69,17576571,12787316,17576578
0x28c6c06298d514db089934071355e5743bf21d60,0xbc769cdfa80e6066e4a69b63ca0e4e52ecc54331,17576590,15311776,17576707
0xb0663beddfae6a842f2b753d6c5056ec9a2807ec,0xdb5a8e03957b22c32be1cdfab006bdae1902d968,17582843,14137793,17583459
0x07d5967aeca74403d6e516aa9945730623e2a04a,0xfb164b2a78bf3a93749179185ad8ddf00229b797,17582979,14137802,17597104
0xf8e4260c9eaf0806ceeb5a992d7ed841f7879776,0x78484b2af12af3663989a4b4af9bfb4a80f57ae8,17583054,14047354,17584078
0x3384af5128b977ec98d9fac06fbcde9185eba983,0x2b305a519289928f0944d7fc5d7c4f5faed74087,17583119,14137807,17597113
0x429e86c059bce8f5b0399ddc1a2acf090b0d67fa,0x8a4c7b31666a0f8bc45b5bc84ef661d6ccf0f906,17583122,14157401,17597207
0x549ef6926083ba7b59f6af9b1d34a6091bb99286,0x36a195799cbf313994fb6f3fbe36fd8608320107,17583344,14047328,17597100
0x02d343dacf9ac8c5ff878ba25945fbc9d9112c11,0xe5e411e1937fc8bb990d7a382b363b2610461e3b,17583725,14125099,17597117
0x7217a656bd5442ad6aa51014e19846f4eaf42fe4,0x821693e0556c40b79b1f5255c85f4e7b1a320688,17584596,11806997,17584607
0x57bf3b0f29e37619623994071c9e12091919675c,0x4e201b8ef4e57ed9de5976c95d70f2a2051c15c4,17584630,11808940,17584641
0x52fff3dafd33745de340f824ae9d5a5db80a9e6e,0xf24c0c832adf14f0d617b398932022486eeaf8c1,17585856,14970008,17585863
0xd799f16d365bd525e0cb0ed625c499b220b70ca8,0x1fb5ad5e760efabc9a084f30b751c2e891087393,17600971,11657676,17601003
0xa5aa34f78d1823c347faa933a632f07be6788b52,0xa82546ddf9391ac7e10e28ac5453572f632da6c3,17613063,12902146,17613067
0x62ab95c6a8c4dbba5873cee6e7d528a9eb48936f,0x84d2a6c510bb94a3875d0d783e15e371d3556eae,17620462,13943168,17620489
0x9230d469f3d7df2215c4a1885848fdc63383e00e,0x9a4374adffb5261824c5f027a9faf8f019699ce0,17623896,15206181,17623915
0x28c6c06298d514db089934071355e5743bf21d60,0xd1169a34b4fb735dee3f31b8aac11bb04e03906b,17626752,15311776,17626786
0x315380ebc2035e2eaef74c642bb850835ee535bd,0xb8b36bc9c10a77cb35951ecf87accc71f70ab1d7,17653070,13962019,17653077
0x57bf3b0f29e37619623994071c9e12091919675c,0xd805708064bd84aeb33f32e65ce3c6e970053c12,17683126,11808940,17683172
0x7217a656bd5442ad6aa51014e19846f4eaf42fe4,0x68ebbd6af62eb5385384c8d37c47afb34d99bd88,17684988,11806997,17684995
0x0000000000000000000000000000000000000000,0x4347296e62b9214f8366a585aa29354286e29999,17687055,9117019,19599846
0xd8e749e457fcd1918c9a589bfaa87db9f8e154d6,0x70d2027f612be2307c7cc1e64b40b9a35382bc1b,17699180,15335203,17699247
0x480cd395c69f905966ed29596b37a785c9679c64,0xae293e296543c452409b14ddfac58384f5f1897f,17699202,15103778,17699208
0x18f89601f04ee6860113a4679f868be4b400951d,0x03882b54d73fe09d3d05e54f81fdbbbca9526f72,17712611,17113041,17712664
0x28c6c06298d514db089934071355e5743bf21d60,0x5438cbdcd843434ee4f1a6e4a3101303a91b07d5,17714517,15311776,17714526
0xa7efae728d2936e78bda97dc267687568dd593f3,0x345595f4fcb9715daf757237d21feeeadbcbfe8c,17733919,15309224,24247508
0x28c6c06298d514db089934071355e5743bf21d60,0x818b2226a90abd99b21679b6eefce52ea529fb3b,17736143,15311776,20352391
0x976538aaf5529e23f0acb40f1bcb80969339a685,0x51f5e485fd320584ea07042a6a689ce6043774e5,17736327,14387014,17735267
0xa7efae728d2936e78bda97dc267687568dd593f3,0x3511748c00b6b2dd9f77c1141cec9c0bd7ada5be,17742234,15309224,24032486
0x0d0707963952f2fba59dd06f2b425ace40b492fe,0x3fe71667136250a6861cb76e40330042c2912288,17742275,15309230,17742285
0x28c6c06298d514db089934071355e5743bf21d60,0x3d348777f2355830a4cde4169da6f693e195a3d0,17746962,15311776,23910665
0x28c6c06298d514db089934071355e5743bf21d60,0x220629c2fbd2118816ef2094e6195f0e502465c0,17759630,15311776,23582186
0x57bf3b0f29e37619623994071c9e12091919675c,0xb210836acf1469fcddc5ca7d99af9385419cbe49,17765812,11808940,17765821
0x70addb09ff0002d88b198cd7be7615b67349c47e,0x8192b45cd6faade7d72db48608dd55426a48890b,17767830,17675345,17767863
0x7217a656bd5442ad6aa51014e19846f4eaf42fe4,0x6e9d32ed73dc296b782169aa8b7f68c0dcfbae53,17768052,11806997,17768065
0x28c6c06298d514db089934071355e5743bf21d60,0x32c6931f76f56160d9614685b0b472d7a330d311,17797967,15311776,24195296
0xde0b295669a9fd93d5f28d9ec85e40f4cb697bae,0x4347296e62b9214f8366a585aa29354286e29999,17799426,15308320,19599846
0xc255ea0bb6f9b8a142e4adfc99547a4f8336dc79,0x3b5d4c3ed046a5cc7f0ba2ba1eb2046abfcd7ad2,17833762,17168517,17833773
0x28c6c06298d514db089934071355e5743bf21d60,0x25dc7c74b168b1c049ca89537054640d2d862b05,17856539,15311776,24706165
0xa7efae728d2936e78bda97dc267687568dd593f3,0xaec48315f6a3c5ee8c8996fa8f2c2692e7ff6367,17857693,15309224,24032773
0x69f4849d4d7b03035bb018cfc432113357d5d5df,0x5f64610f5ba1b718460bef64a6712f5961029ee7,17859973,17851447,17859980
0x57bf3b0f29e37619623994071c9e12091919675c,0x6018506df649c6407346e71fabc6f8fd1e9aee1d,17862251,11808940,17862259
0x7217a656bd5442ad6aa51014e19846f4eaf42fe4,0x396ec178b6aa2a496db1095d44e48aa48062b454,17862351,11806997,17862361
0x6bbd193965abcb16d2a847842fdd057d90d9ab3f,0x369de141b1ecb7103a10ce89fe5d76be7ffefb0f,17878213,14258429,17878254
0x28c6c06298d514db089934071355e5743bf21d60,0x195a9298f08a187147bead2465bfc264b4c9e821,17883199,15311776,22623280
0x8ef56578907a433649a3efcd211bcda6eb9b26cc,0x5e7a93b8184507b2548090dad427d555db84ce5a,17892899,12141732,17893271
0xa72f1fcc0b12284f040a947abc8715965bf9f172,0x638d4dab8def26308c433e9d530fd9b750b390a4,17901726,10804215,23515657
0xaeecfb195641bf50d830a1b569f3cb07f44ee551,0x6253cc2da81772210ba56434792bdeabd726f21e,17921058,17719028,17923365
0x042bb4205a7a3da375b1fe729ddc994172ac7263,0xddc7aba287936b18ece250f32c68187ea6b93858,17922950,17668142,17922985
0x2d5f664e6108458ae6540be8c8ffa1f512dea6a9,0x00c28d8a5f99c01646e8645f5feb7f4003577186,17924966,16856193,17924973
0xea0db0c75ec3718731a9730a741ad02c5a92566e,0x39b36312bf1fdc7150d8ee4c66835a884d3e15a7,17928326,14565203,17928376
0x921acb55f15fdbe0dbd88de8312c4c4e8bd7e8c6,0x39b36312bf1fdc7150d8ee4c66835a884d3e15a7,17928434,17453074,17928376
0x10f90ad0e1d09c09197da3c13bc16cbb1471a573,0x39b36312bf1fdc7150d8ee4c66835a884d3e15a7,17928458,17456307,17928376
0x93497c6e9682f7c15b8f60bb145ff1a7ccf60000,0x39b36312bf1fdc7150d8ee4c66835a884d3e15a7,17928468,17415557,17928376
0x775529d6cc2e8fc381b8e9c842c9825d24dc5fce,0xe0b53f6b2e4560ab83eb245fc334c4bc994cb65f,17935775,17921234,17935785
0xb21dcd6fb27a91484c025ab0d89ae9eb5aef04d6,0x4a3d1e389523af86c5c85c61ef1784c702f456dc,17944432,16051266,17945472
0x4570139b0a87098ea3e25e8f7e6652f3d8425601,0x0eb29309adf84f8c293010e9b7c25d44e2737c62,17945788,17668221,17945817
0x3c71cf9b6335cf604767d3a07fc19664ce7a9052,0xf0ee4b3ad943e80088c38205fe8043de4b460188,17950023,10406876,17950031
0x28c6c06298d514db089934071355e5743bf21d60,0xeb57dd0a036e0bf4bf16a00c2697c3f6b54d10ab,17970264,15311776,24032934
0x8ef56578907a433649a3efcd211bcda6eb9b26cc,0x482ed26c2e29dfff5c8aad84a20294b7b31b0456,17970904,12141732,17970916
0xc519b4c3d8d37d37193dd00700c3fa2e7ba2a03b,0x29f872f02da8ace8890e8d3e5105a752cd3b5792,17982623,14588354,24398420
0xc519b4c3d8d37d37193dd00700c3fa2e7ba2a03b,0x090b31f49a819e627aca05220eb042b7049a5850,17982627,14588354,24417506
0xc519b4c3d8d37d37193dd00700c3fa2e7ba2a03b,0xc579b72fe7986b64a84948f8a41c4bee396835b5,17982638,14588354,24417451
0xa052e9b6f038d7d5fc46818c3e881f7e1b7245b1,0xdf2fc1c684bfe0d283424e0f96041e7b5765e634,17983127,14892924,17983132
0x0d0707963952f2fba59dd06f2b425ace40b492fe,0x43c1848341fe38037c91ac74181316e047e84177,17983487,15309230,23712810
0x0d0707963952f2fba59dd06f2b425ace40b492fe,0xe0985c10392dd6bb1ce8789adee164406fcadf9a,17983501,15309230,23718227
0xa7efae728d2936e78bda97dc267687568dd593f3,0x0cdc9bded6b23909d2998d37c0a1f8d00cf73fbd,17985428,15309224,24032554
0x9d6f52edcecbb44493919749a880ad11f77a94db,0x4c41cabac15aab8a23abe2da6b960c1e3730819c,17990140,17460458,19924548
0x57bf3b0f29e37619623994071c9e12091919675c,0x16d609858218215d5796a40b405ab5be043f9df6,17991367,11808940,17992257
0xd188d2e377e948f4a081e5f43d0cced97d3170a2,0x2240bac12bc1ab8dc8431befc7c2b35c9efe70c7,18000774,17900361,18000778
0x7217a656bd5442ad6aa51014e19846f4eaf42fe4,0x4583cdd50eb6cf1725f0559cf167ca01cd659599,18004160,11806997,18004169
0xcca1a2b5425e6e45e8cb0bfe1b5a495d8f578f6c,0xef59661a11d68046751e1b7a2cdab280c24c0593,18022115,11912831,18586197
0xb8d8ea7bd807c363b85242a70a199d564af6904f,0xbfe2d22d2e011ec1aee6e1b82da6538cd3b040ab,18032676,17921271,18032687
0x6236b9a8477d934dd1bfc9899bd8a11b8a670afc,0x4ab8a12f48caca6d266180b9d373d4a0d3c9db38,18033316,12822207,20837531
0xdc206a60cbe26d4b6c126cbb5e4088f9daa6eca3,0x48969a35b322c721c490ddfd8fafdfb7b591d29a,18042561,17921421,18042566
0x42dbf634c256acd17beddc1330488f1bea7b8bdf,0x878953461d7671b90d9d09eab6573365db44f659,18049335,10176655,18049343
0x0000000000000000000000000000000000000000,0x9ba2aaced8bd5e2358380af237277cabfe3bed8a,18059282,9117019,24032727
0x57bf3b0f29e37619623994071c9e12091919675c,0x64b51f4126171c35521b85509e406ba9297c98c5,18082815,11808940,18082835
0x761c643d1d6e3fff564e26aa855543dbe20e0dcf,0x6f94e3ec27e6efc0d90dc7e12881198956442da1,18083150,11808843,18083160
0x490ba9a1054d1adbb121b2120612a4ac3a8897d7,0x9befd739ec146c918322595927e7a28e692e2d20,18093137,14267368,18093152
0x8ef56578907a433649a3efcd211bcda6eb9b26cc,0x2a9a3e6274510aceb2c23392792f9628c0a6d07a,18105495,12141732,18105530
0x35cb2a0c224fc75b1de94c554ecc4591ae5d28de,0xe1c288d662d67f5f7b656ee4e09d8574c3b9399f,18131806,15287039,18131835
0xa7efae728d2936e78bda97dc267687568dd593f3,0xeae2d1cfaa84e5cc175b4913dc866f6cb7306681,18163047,15309224,24333726
0x7217a656bd5442ad6aa51014e19846f4eaf42fe4,0x20385a0fc8b179a666a009f84a4fd8630e912f79,18177575,11806997,18182327
0x57bf3b0f29e37619623994071c9e12091919675c,0x8875a61a6be0057994cb3c366400ef251c4669b4,18178717,11808940,18178733
0xd400fa0d00008e262caacbc20039f01879d40000,0x560edb160e387c834f6a3dddb10a9198bfc877ad,18182068,13899677,18182089
0xc2b27903e0281740994895c32ee40c31dac3197d,0x8c130500b5b7f8152dec41860ba10a8dace082d5,18186294,14733132,18186303
0xde0b295669a9fd93d5f28d9ec85e40f4cb697bae,0x00dca1bd1e3ac57cfc9a9af4602662666a8d3fe0,18190416,15308320,24235116
0xde0b295669a9fd93d5f28d9ec85e40f4cb697bae,0xc68f7d3420ff1860de18b7f2c6aa484cec9088a4,18190552,15308320,16930513
0xde0b295669a9fd93d5f28d9ec85e40f4cb697bae,0x996f7c241007dceea584ae035a45cb6b98e8974c,18190552,15308320,22191740
0xde0b295669a9fd93d5f28d9ec85e40f4cb697bae,0x91cffb9ba0586ccecc9f9106b6e5d9260d2a28a0,18191975,15308320,24706485
0xde0b295669a9fd93d5f28d9ec85e40f4cb697bae,0x059069873130b4224e15c92185eb874d04f94bca,18196508,15308320,21009050
0xde0b295669a9fd93d5f28d9ec85e40f4cb697bae,0x42ed8ca138de808fd22afc29928f09ad4a31e7c3,18196560,15308320,22283961
0xde0b295669a9fd93d5f28d9ec85e40f4cb697bae,0x85eb1b32a95d86fb1e4df16875a9dfc7b04745fa,18197525,15308320,18028173
0xde0b295669a9fd93d5f28d9ec85e40f4cb697bae,0x39aeedadaf9f3bb2fc80e0cf519f3e63de9e209b,18197539,15308320,18186531
0xde0b295669a9fd93d5f28d9ec85e40f4cb697bae,0x8fb86f4f13a214438fd78430501f5cfa7307240f,18197545,15308320,18138426
0xde0b295669a9fd93d5f28d9ec85e40f4cb697bae,0xd750d9d2c59f456176c3d222f0816f5a88b9b11a,18216398,15308320,20846718
0xa5aa34f78d1823c347faa933a632f07be6788b52,0xa8851308299742746122544832b2016ef22f8e1d,18218735,12902146,18218741
0x250ba4a06f20f6d8ccbe80a26d86f42a9ab54a3f,0xe1ad82caaa008d331aaf87f12ba34489dd2a5a26,18219549,15094070,18219573
0x28c6c06298d514db089934071355e5743bf21d60,0x8bdb6f2a9f934487c80d8cd10c14434adeb5cc2c,18221482,15311776,19360628
0x0000000000000000000000000000000000000000,0x1c073c69a5094453f8c1a1f1ec2008865c902d98,18225788,9117019,23712775
0xde0b295669a9fd93d5f28d9ec85e40f4cb697bae,0x01d5d5e0451610e21ba0ce4252eba4c64a44919c,18226175,15308320,24464631
0x57bf3b0f29e37619623994071c9e12091919675c,0xac01f5ec5c869eabf04535fc82512187b584b929,18248836,11808940,18251281
0x28c6c06298d514db089934071355e5743bf21d60,0x9cdb943cce8a1777e444017f07e063e5680ba002,18251278,15311776,24032545
0x9b40d8a9eb71aed5f525cb01a12a2d964321d69e,0x8bee0043b5f369367eb694489305962e72b453b2,18261982,12061800,18947404
0xf2bbf06a3af1a1388ab4f0aaa5871b7152740d96,0xdaadf23025cc0e95991bb7802a1256e59b2cf439,18262981,13079455,18263078
0x9008b1fef5f24b37aea3e33024bfc33ef6ff447d,0x9532b814b8fd9ce41a66122e02fd09c1d72900b9,18263383,18263378,18263398
0x95a8ef66d3e863be9eb5e8ca4eadd54334cfc6a6,0x58fc6b0e12d3fe96ae8e455c28b84283f22ce12e,18265621,13922829,18265639
0x49b69a97c268920e61196eacbb1a64b3df65eadc,0xcfb9cae5f6453340b15b09cad90888fd3aebda5d,18269582,18269484,18269419
0x1860aa8bfc492a69fcb13607b6619673aea30d4f,0xee170e4b7ed47a15fbb05779e2f048605e614380,18270674,15031864,17771904
0x4caf3e7b561f9efef73b341bf70a4f78cfdf7712,0x8b0cfc495c2b5eff2a77b38a695e62baf291817a,18273300,14523358,18273333
0x73eb3020015449f6613853f0bf9aa360512b3a16,0x8b0cfc495c2b5eff2a77b38a695e62baf291817a,18273377,14518571,18273333
0x483f681624b9f304ffdd89cf4be62e03329311fa,0x8a061bf1fa9c1eb3a98186766927464815c632c0,18284239,18283817,18293843
0x7217a656bd5442ad6aa51014e19846f4eaf42fe4,0x340f610cc174e3254dd1f2c992439148d8480816,18291085,11806997,18291096
0xaf253406e0963b65dcac594eb11f6d3665db0781,0x8a2e8e055d1f802a8f837dfcb5add8850e33468a,18293837,10998184,18293883
0x28c6c06298d514db089934071355e5743bf21d60,0x1c9ee27adde26464107ad8f1a9cad904c6f2798f,18297763,15311776,18297831
0xdf1daed64850592da70978d57abab3f4c491eca2,0x38d83515ce98c56aa658b9d469e12c399ab7f8d9,18322271,18142087,18322286
0xf5cad7426abb5ce7ee3168c5d1b5b4a12798efb6,0x50e3bfb5840af8c94ef4d5da8c613bd289bee80a,18322794,18108263,18322805
0xc21bc6b8a4b36a698a4bec245af91e0e6a92c3a0,0xd180d953bb124e34a137388abfae2d7366737b09,18322858,18322763,18322864
0x28c6c06298d514db089934071355e5743bf21d60,0x0cdc9bded6b23909d2998d37c0a1f8d00cf73fbd,18333116,15311776,24032554
0xd8da6bf26964af9d7eed9e03e53415d37aa96045,0x9d22816f6611cfcb0cde5076c5f4e4a269e79bef,18333780,10096224,18333791
0x2901d404d0709d94e0f6386b61ba68f31f75d11a,0x00031e32f4127e15bd6ad9e180472682fe5aa53e,18350761,13922072,18350801
0x28c6c06298d514db089934071355e5743bf21d60,0x9ba2aaced8bd5e2358380af237277cabfe3bed8a,18364443,15311776,24032727
0x28c6c06298d514db089934071355e5743bf21d60,0x753d36150672065ce0025b64cda62be439dabe0d,18370218,15311776,24067026
0xf36fd9a0feccde2bd81f6bf33f05fab41efe3847,0x07d62904ab3e5e33076461221e784c6fd180ad6f,18375932,18369875,18375936
0x57bf3b0f29e37619623994071c9e12091919675c,0x898fc6e83651255ef1ebc5306debe976ed807b2b,18383554,11808940,18383564
0xd8e749e457fcd1918c9a589bfaa87db9f8e154d6,0x3c6a4c4713cc173d6e95858f407572a23466f898,18387704,15335203,18387725
0x28c6c06298d514db089934071355e5743bf21d60,0x6ab0720a1568aca6f49b111d0a46a5df12c83691,18398070,15311776,18398109
0x7217a656bd5442ad6aa51014e19846f4eaf42fe4,0x2d8e6a1256f6c22f3cb289dbcdc3e778be40e697,18398640,11806997,18398648
0xde0b295669a9fd93d5f28d9ec85e40f4cb697bae,0x5e71bfc3d387d580e8615c75aaaf695bf58e5d54,18409783,15308320,18416959
0xa7efae728d2936e78bda97dc267687568dd593f3,0x6014492ceb9d1ccd011d24dc680cc9a9d1c63f94,18413827,15309224,18499960
0x0000db5c8b030ae20308ac975898e09741e70000,0xc8f52fbc1edba1853b2a2267c14984186d86db62,18420278,18685820,18522669
0x0df7d529b1922ea46edaf322732749efacdb31fd,0x5e4e0b0f9284331acf920fa497ca1dde2824ba9f,18424078,18424040,18424089
0xc61d90d75eeb1f5d163d7c0c137a7bab03fadbdd,0x67b154fc654985b13dc23bedebdbc738275557a2,18424864,18424019,18424868
0x79919cdec07015a8d535526c519f2bef643c53df,0x29533d13aa2974b0d5bcc86d7ee8a99e63f13507,18427739,15136661,18427751
0xf4fa8a697359eb45b733706fc06f45618d4c0e0c,0x1599ba60632b897285316a1570da1beb6c4cd7ad,18436527,15137928,18436532
0xeb6c751861eda572ebf22ac0ae630fed51183547,0x2af04c90afb6b074a006929aca573b8040dc0010,18441267,18441225,18441275
0x4896d0474243a9a7f8b59c4d55f3a1b721af2f42,0xb79eee1211655351032666a7c8fe99bc0e75baa7,18457147,15209582,18457153
0x6d11b1bbb3f20a2c94624d7dfbb989f021fbf8ac,0xb7fffba775c226a9618efa182fe83297f5c59787,18458845,11226145,18458877
0xa7efae728d2936e78bda97dc267687568dd593f3,0xaf186526734e9038f21d2b0698ae02417c21cc70,18464127,15309224,24032491
0x28c6c06298d514db089934071355e5743bf21d60,0x893c049d6ab920d60b1838be662b3ed8b1510878,18469820,15311776,24178350
0xce0a3df7918d318048d58937c195ede8f9f8c296,0xf0445b04e182b90687cce25a39d49eaab4ffccf3,18474351,18474311,18474445
0x3b7aff54c71aece376805e320047cfd381fb1f2e,0x18a453ae6f430a9fc8a1b8fea988719c4168593d,18475452,18475449,18475458
0x28c6c06298d514db089934071355e5743bf21d60,0xa251cdfb81995ddbb7206f2c05dc637efac56ec4,18480310,15311776,23054851
0xb614972bf5b0da84f33b87f71c910808c7a8ff78,0x60d185c24623ff72315355d683897980a943a139,18486498,17828930,18486531
0xe1e21e4ca958bd503210572cd2921f7d33c6d815,0x0cdf99a7e0b1e52992cd4ee422fe4a5f6811788f,18499805,18402174,18500504
0xafb87228f94423672f7aa7a612aadf1fbe0aa930,0xed1e849a1947bc11bdf2fb3ce9ecb4aa4d95fb5e,18508126,12771743,18508308
0xf207142b6792e4a16fdd8d74bda713391715f824,0x407ca8b3f0b13b38c82d7ed8af8a874a3fe4cd3a,18515571,18513401,18515589
0x37e38e229ecebbf9a6f4b8479b71508ece16d597,0x70a2a1c478a0d07f024889105b3ff2c79f258ac1,18518404,17952544,18518412
0xcc8a80aaaaf210996b5680413c769ca08708f8cd,0x8ebd22f891a4b3fb0feb2eaf237400ea14b2fe16,18526461,16826084,18526502
0x74d8dc994856fbcab225d27f1df5bf765368b0c4,0xd3fba3c4392059a66e7fa712f72f0e8679cda5de,18528745,18483263,18528780
0xa7efae728d2936e78bda97dc267687568dd593f3,0xbba9ef20f8c3298779e1fce44f2fe6303fbe11ce,18537783,15309224,23951662
0x28c6c06298d514db089934071355e5743bf21d60,0x36b7da1d2b079223dc677df6a22762f1f65eadfe,18548191,15311776,18627089
0x0000db5c8b030ae20308ac975898e09741e70000,0x7b76f0a7a0cb0429942942108655d4290868dd50,18550788,18685820,19003806
0x510bd1a857df836c2ad57aa3a6fae396e011d958,0x420387544c0450e55eecd3bc3ce12000eec53e6d,18551524,10988770,18551562
0xfbc369359ab4a0455ad1ac71ff5077b78af5d965,0xd9da925892a31932d1badee8967aa3ad3667c8f7,18554676,18026994,18582912
0x57bf3b0f29e37619623994071c9e12091919675c,0x5a3d60cf9a922a002b02e14752e38634b65b73d7,18569029,11808940,18569133
0x7217a656bd5442ad6aa51014e19846f4eaf42fe4,0xe95536e51361e29489ad6e29580353701ab636c2,18569157,11806997,18569222
0x8ef56578907a433649a3efcd211bcda6eb9b26cc,0xb41e684d887c7d49d3487bcb14bb9f1b5d3f046f,18569657,12141732,18569668
0xe89aab91f5a29cbfc0b049ee7e955d40e8e1f223,0x5fb44070039d269f3102cb9af385bf9d2501a0a6,18582780,18568980,18582794
0x6dfafe40fb06bebdc5f44d9d085da6328e281db8,0x842256447be06800b635789d31b7387ddff7a2f6,18590411,9527560,22065095
0xd68073c6ca21cdd89e7c373380d30ddbf9663ff8,0x6c709443cf394996a3a18cedba8fe8b84387aa34,18593471,17683122,24747691
0x077614554be42215724273fa4c48d90cd2671638,0x470312e734b1cad91f443f472f47dd19596fe2cd,18608039,15082733,18608052
0xce559cb0ba313d402f7169c18d88b208777e7931,0xfa71b5c08e2b1a389af44ba9148d467d40a781de,18616484,18602382,18616537
0x266e64fc8e4609872202b8a20a5efd79b78f7ced,0xfa71b5c08e2b1a389af44ba9148d467d40a781de,18616527,18604646,18616537
0x57bf3b0f29e37619623994071c9e12091919675c,0xd98ce8264a56eb815f8d6e31a31b6856e788cc9e,18619453,11808940,18619608
0x7217a656bd5442ad6aa51014e19846f4eaf42fe4,0x3b9efdbbf20103a014e975e1efddd268e2e19079,18619515,11806997,18619619
0x305e624ad252282c5cd28f41fe01f4c1c5eca9d8,0xe84b2c8ccbf7402b0d4bfb9817c4de6904800ece,18627114,17095738,18627128
0x651a465bd52de1b9f45ba879684ccebc6a084215,0x7e026a0c061382b0f5935a90bc7324ab0a5a3acc,18652624,11518997,24389456
0xe89aab91f5a29cbfc0b049ee7e955d40e8e1f223,0x7f57def051d7e9382d68d8b0d1140bf5bfb96ca5,18654595,18568980,18654598
0xfacf375af906f55453537ca31ffa99053a010239,0x34b18e6e5fe7c639f672dd9f3d061c325e6fb942,18664997,18616778,18642044
0xfb6e18fd9bdce8fff173ba55640e56967e9c386a,0x6e3dada164f0d0d30a0c4302dff9ac6f8e8b2f33,18677554,11350801,18677560
0x0bc93339fd58ee70c1ffe4b9491c66f8d06debf6,0x44a12198fcd923de7063c965759f5ccd1c8cc0e6,18680587,18634680,18735222
0xe84352b079e0c02d3606317b2207ef10df5ba74d,0x98a8be09192eecf8689bdc33442ad6b5123e6ea7,18684809,18549148,18684818
0xe4b870aaecdb94eb3a438448fffc5c1ebec5e3ac,0x0c0630f4a4ee542de8af4244a5348592f53dce77,18685258,10525157,18685351
0xfdf23cc909a34e3ad9b609f3f2c7ebfdded4abff,0xfb210bcc339a3eea95a42f399a805374d7776a42,18714371,13088648,17018622
0x53026eb26ed6c149e28702e9b9616757023a3236,0x16728698be2f7703a08a2f41185c164b2ed6c1b9,18719954,18719714,18719971
0x0d0707963952f2fba59dd06f2b425ace40b492fe,0x182814e085f37d1e6c1853470986f339bc1e210b,18722807,15309230,24219653
0xe89aab91f5a29cbfc0b049ee7e955d40e8e1f223,0x9b8b8a0f0085bd5a725d1bdb42f6e3e5a05f98bc,18726675,18568980,18726679
0x0fbd01e2d25cf9db0cc25d19390805a08a7dd75a,0x984d25c0d600e3502f746c5669c15495e2e9057a,18734318,18734274,18734412
0x0d0707963952f2fba59dd06f2b425ace40b492fe,0xa30821ee843f65780f833f90ce6f7385f92187e7,18751385,15309230,23604918
0x37e38e229ecebbf9a6f4b8479b71508ece16d597,0x6b63a8fcadda9624a144d7b25d36cbe8ea9ea39e,18754316,17952544,18754368
0xa7efae728d2936e78bda97dc267687568dd593f3,0x9e984428a6393a0766ec64c47eb7717dc1a34f7d,18757490,15309224,20263337
0xba5a8e0afd529f830838f23e5b98860d74e0a29a,0x85c85498e6c56cb61c3d0f3e1d324fbbda62c0b5,18766110,13866943,18766123
0x5366873564e751f3ac20e65f140ec8a17d09c1b6,0x7801856ff5010ab445acb4b9d7d29148808601c1,18766791,17293735,18766807
0xf6cb1d06c2936c71add8af490c3e52d5c647cccf,0x2f89a4ed3a349d352a7bf248a32dd7a1c91e8f9a,18767195,18767158,18767208
0xf4a3d501abb475c3f203a1eaf8a9c214d234c0c8,0xb4ac8262f86fb18b189b5880073d343ea35e2548,18778031,10978814,18778045
0x510b0068c0756bbefcbaffb6567e467d661291fe,0x8e85f886047ed302aa58971746adf40db0bab647,18780804,9487998,15449682
0x0d0707963952f2fba59dd06f2b425ace40b492fe,0x34c0d99591070efe16fc992220d14b1d3abc4ddd,18786489,15309230,24418942
0x95aea908d7569331316c1133b2f15d4ff792b6bd,0x6897e5455efe13200aeaf29aaafde92d07a6c128,18791508,15917221,18791535
0x28c6c06298d514db089934071355e5743bf21d60,0xaf186526734e9038f21d2b0698ae02417c21cc70,18803661,15311776,24032491
0x23fd48e4d28ca3e7774b38952ac4ae300fb6fdb1,0x1b169ec1831f21eb78d76e49b1cf94e9513fde67,18816145,18346910,18816191
0xea2551bdd847accdbdeb7ec2126d52a465e4c420,0x53e573bc13e817b9f161bb62213b389348d09fe1,18824693,11826468,18824706
0xd8e749e457fcd1918c9a589bfaa87db9f8e154d6,0x3e54abfdee697836b8ec7f437d2baf1ad62eed55,18829386,15335203,18829392
0x8878561c9f2ca724bae161a511ec2015a90b23d2,0x7c9dfde22beea566b08ee5bcfe3593d0cbc08ec4,18834756,18688779,18834764
0x510b0068c0756bbefcbaffb6567e467d661291fe,0x9ab86826858f72147cbfd31e17d6f968dec59406,18840313,9487998,16229927
0xa4b498fae976e93321ebbd6a2e1fadf941c49e5c,0x233513bba43d16be02e2f673019f9d5f2a1b6936,18854438,12144978,18854506
0xde0b295669a9fd93d5f28d9ec85e40f4cb697bae,0x79a16039ae90d1df5b8fc9fd00657d1dd251e0e3,18859566,15308320,23134673
0xde0b295669a9fd93d5f28d9ec85e40f4cb697bae,0x45def41464da83ec5f05c40f0e948f5e17b1d9ef,18859608,15308320,20203135
0x57a53f2ad110fa7f06886f162c3b96bfe81f1f19,0xdcb18082c68899b0ad71d05562053fdec8a3cc81,18870508,15338328,18870544
0x0bb5eca69ce41d7d0275756bd39c45a4e5455e14,0xa477852516ec2f2579e951c200022b71b764ae01,18870998,15350491,18871018
0x5505324ece3f6b5249e266ff6ed3b277d7353c76,0x3bf7a7c64682bce47b055ebd9f96fb0dea0d9ba4,18874693,15459317,18874721
0x6cab9686bccac26e3f430908913a4fd0d042e67d,0x50ae90303b31db7f2ad6a73ce958f1c484f8d66a,18876006,18825644,18876111
0x988979343345e017648970f20877faba78cdf486,0x2e04ac2a1bcb1272ce760b5244abd3a1d09df62f,18877138,14455907,18877146
0x1aef9590617c7855babc6b0619a8d5e9a1ff39c5,0xfaff803b2b59cca146d863cfa00c324280781402,18877340,17840056,18877363
0x10d35aa5e853f6d0606a9cb32a68ecd7ec31e461,0x6c15850b6979a2f20e083669e3e8f8a08799eea9,18878640,18918796,18878709
0xe547b744c9684bbb646fa6ec9d67353332e7ef1d,0x76ea483d839511a34a046239a70ee3ea320f3a45,18881176,18881168,18881187
0x45a18a50f589ca61f90a53773311dbdbab3eef06,0x9fc954e82124a7af5f27939e24e1942c244881f1,18882289,15369688,18882295
0xe6b3fc0106359444bfa8046558deb0d184294e08,0xbc3bd6624960cfc6cc8b1f38923c469605636093,18882315,15419682,18891200
0xeac040543717195d243ffba638e9f5d7bbb9b327,0xf675ab4c149c45d617f48995edd2ec81123d374b,18882325,15413495,18883385
0x164575fe9ea3e42be619bff6d9cd0f3d26c39e4a,0xddfd23af17a0fa0207bcae2cc8a77627039b8c85,18882389,15313752,18882397
0x072e1e84ba226202870829be8affa27134908758,0x094b23e9312fac7563415471589959870ba72a8d,18882429,15306147,18882474
0x877d5a30501a7255148615bf3a2c294ecf28e531,0x757b23caad511177034a7627e01d811148ecf3e8,18912803,18710958,18913305
0xc6f6c2a05a12ef54533069778853a16fc7fc07e5,0xfe4ee01e8d0eb5468e0cadc1dab26aec0b144062,18925554,12698262,18925586
0x28c6c06298d514db089934071355e5743bf21d60,0x775636d2a46fbfaff12f2d0a42454b35ffbcdea0,18927962,15311776,24032820
0x539e96fad131ef18075472ed8c5fdeca1075d0fa,0x131c48a72fdd6f2f1c104a54164642aaad6566d1,18939798,15265634,18939816
0x297bf847dcb01f3e870515628b36eabad491e5e8,0xe68903a13b36f148db29e9be8b9926b30bb37392,18942584,9264070,18942623
0xd8276f9dab5e3872bbfce8bd0229a62bf036b984,0x066145b7e567404a6b2c0192a50edbec355b3249,18947868,18947819,18947871
0x57bf3b0f29e37619623994071c9e12091919675c,0x868e37987d1679c555f97a26ae0cab4c24ae9577,18949493,11808940,18949504
0x7217a656bd5442ad6aa51014e19846f4eaf42fe4,0xff023c3b636edbfb39853b3854c21605d6b42b64,18949951,11806997,18950024
0x28c6c06298d514db089934071355e5743bf21d60,0x5ac886ddc47e785f7697d98eab1ea640261892cc,18950381,15311776,23752775
0x4a16b1269ba25a533e7b0b370611f09a8f23a741,0x1e73efe749a56618417ca4b967b04406378cbf5c,18962235,18962153,18962252
0xb9a0a48129ea7d3246b6e26b48cdd50b63a7c8aa,0xf4adedfd196a8f66cddabcdb5e59393fa9f392fc,18963322,13641507,18963336
0x28c6c06298d514db089934071355e5743bf21d60,0xb22654eaea28982e07bd30199ab6353a9cd5c607,18965045,15311776,21738610
0xd57ab8d54280a9be75655e2ae9ea4ed4abc327b1,0x6e4736082859b358b861836bf92d3dc4f388b3d1,18967150,9453275,18967183
0x0f465dcb5dd4f1ab6c90f21ac9c12ba9627c39b7,0x533fced4a34a60e8b44d2e1be02f1c5540468c2f,18975497,18134325,18975511
0x100c9223a0e6a5efdfa76d9a2e3b863859db28ce,0x75063026e900ca725fc7a5cdecb03396be23ee0f,18988315,18987324,18988318
0x05fdaf0d7c8e6977f2bcb6b881da84665a9cf510,0x6e7de70ea274a990e0a8e87ae808e39e2d896aa5,19040891,9757764,14973045
0xeac522e8178f687379e4b44165fd94e63f8bdf1f,0x622ee7896077b19c81f0c93e6d37a7f9ce5eb033,19042979,18164621,19043004
0xde0b295669a9fd93d5f28d9ec85e40f4cb697bae,0xbac3159aad1a9aabdff39cd2812708666baaf2b7,19051549,15308320,20471383
0x0d0707963952f2fba59dd06f2b425ace40b492fe,0x3bf6a17640feae9fab8d883a371f5b36e8e85c04,19062457,15309230,24032590
0xd8e749e457fcd1918c9a589bfaa87db9f8e154d6,0x197459309b819e758d86f0115ab09968429760b4,19064104,15335203,19064110
0x015b386c314c52efc4f051ed9fd544a65df33aaa,0xe123ec30b2a1b990b2ea1395ca6495a4a10f6d90,19083662,13143956,19083676
0x1125eb98298663a5beb13bc7f2ada2683473f5b3,0x11c34d9c67162dd21273e8844c831f7b182026a6,19094538,14162869,25043635
0xa289d3da19ed916837594c90ff24d9d581f2fd50,0x9be0477db51bf08e9bd84792be23f22c798d5097,19096281,15074451,19096315
0xd8e749e457fcd1918c9a589bfaa87db9f8e154d6,0x4fec577a004ff00dd09710050ff18dc1ce9bae49,19100828,15335203,19100859
0x52fff3dafd33745de340f824ae9d5a5db80a9e6e,0x093164ec60ab087d26f70063266e8bdd0f538b9f,19103321,14970008,19103327
0xcada71e61154a1ceaf67de8af4b7cfe71410a6cf,0x2a0459c027a559d848dabb8aaa3c115adcb7476b,19107091,19107075,19107098
0xd0c52e94ec8f250f69b86da8ab047de55a8e34cd,0xe117cbcb4fcc7c0dcc13ca6b249e31a79b5dc014,19107225,19107213,19107232
0xcea32f14967f964cc378022eab6dd9f4479b71f8,0xb7fe047402380602b93fb38baf2a335a572042ca,19107276,19107264,19107285
0xa87039c4bd6765f94d7245069b4bf74f820b0737,0x7a6629ec75218ba40f2ff508d1edf231a8908ffd,19107327,19107315,19107367
0xbfc88b2c5d1006e59bb12f0c02ae2602d60277f8,0xf6ca02a843abf23fdcfa1b2c613fb8a7f3f741fc,19107403,19107396,19107418
0x57bf3b0f29e37619623994071c9e12091919675c,0x7a9f39029cc284d904c8143cddb348b2b96a258a,19119443,11808940,19119450
0xff56de21080fb5a49d6fb934a61f6a191eb80710,0x4a8958460600ef588049971563f9d77e4f12eb2f,19120203,19115931,19120238
0x7217a656bd5442ad6aa51014e19846f4eaf42fe4,0x6aa4a921179818c8fae1f89da5ebaa3ced49e7a8,19120788,11806997,19120805
0x28c6c06298d514db089934071355e5743bf21d60,0xc9c63be83ef7dbadaf7da4b74a423707e5b75825,19130477,15311776,20499745
0x28c6c06298d514db089934071355e5743bf21d60,0xa9c92c5721b84bd9a573254c655bba5ffa653281,19134083,15311776,19134087
0x57bf3b0f29e37619623994071c9e12091919675c,0x1c2891468fcc6e3f360a0941d3ab65bff4935624,19142909,11808940,19148101
0xde0b295669a9fd93d5f28d9ec85e40f4cb697bae,0x4c7d159766b244c78b5248b176af8c7bb1868501,19143658,15308320,19482046
0x28c6c06298d514db089934071355e5743bf21d60,0xf3a3480c365f060d169f43ca20b1f538825b408a,19145679,15311776,24289224
0xa7efae728d2936e78bda97dc267687568dd593f3,0x7a5f971a16f1967aa8022205256fe643af40d6eb,19145788,15309224,24933659
0x28c6c06298d514db089934071355e5743bf21d60,0xd7bfd63d6d370dd06383c7acf49b6961fadeb5c6,19146390,15311776,22564209
0x6c4f80438af3a5d1643e516b14bd1f76ac66c4b5,0x7144d5fd1347a2e1f18e1630e3463dbddfd0e67f,19148360,19143692,19148376
0x761c643d1d6e3fff564e26aa855543dbe20e0dcf,0xaa899e828ed18622947956a1829d83e291552d93,19155929,11808843,19155936
0x186b9bbdff6b3abea8aeaf271324f8abd50b838c,0xa7f59e061f844d77ffb226aadd51ef28c95f3ab3,19156011,19155374,19156023
0x0000000000000000000000000000000000000000,0x85c632784d140db00012c815573b393283f5fdb9,19167529,9117019,20193063
0xde0b295669a9fd93d5f28d9ec85e40f4cb697bae,0x85c632784d140db00012c815573b393283f5fdb9,19167875,15308320,20193063
0x53026eb26ed6c149e28702e9b9616757023a3236,0xb93f26624cfd716cfe3452e6c9462692b2ff50d6,19184897,18719714,21550928
0x94e0ba9c48112be585d55c43d0b7dab7ea748af8,0x9c3a36140a1891fbaa15c6cfe18e8fe9029b3ee9,19189798,18919254,19189806
0x0d0707963952f2fba59dd06f2b425ace40b492fe,0x775636d2a46fbfaff12f2d0a42454b35ffbcdea0,19201041,15309230,24032820
0x57bf3b0f29e37619623994071c9e12091919675c,0x77536f4eac8a0eb10757647c11af508cb09ebda5,19212380,11808940,19212387
0x7217a656bd5442ad6aa51014e19846f4eaf42fe4,0xb5cd7e17e0dcdc2453ee20eac2a3176eeb30b7df,19213679,11806997,19213684
0x4de23f3f0fb3318287378adbde030cf61714b2f3,0x5c30163146992fcca045948eb58695edce191510,19216076,15216397,20559729
0x161d5727e8e1e0024c3b5afa8962b332a062e0c8,0xc85e0dccbcbbee0488944807f9fb4fb9382f901f,19216728,15425708,19216752
0xf39fd6e51aad88f6f4ce6ab8827279cfffb92266,0x5c30163146992fcca045948eb58695edce191510,19223328,14939205,20559729
0xe00954673ea4d16dcfb58b965b76023e338fe652,0x98b370a91d20e9f88cb47f90732bc4fee78eb6e9,19225625,11614907,19130666
0x28c6c06298d514db089934071355e5743bf21d60,0x5a215481eb95e14573b956d10bb495908621f6e9,19227654,15311776,23888086
0x6bc6970964cb57c7babd442de8ff68db3c8cdde5,0x3aa03c72e85675d495e3701a8f0097412af3cdbf,19239151,13065385,23986646
0x3c9af946c5f73d46b0adba1badb91252d600690e,0x8e2a6683f58fe6e4ea708fe2e8dcc8ddcdb5ac73,19244893,17030799,19244897
0xe89aab91f5a29cbfc0b049ee7e955d40e8e1f223,0x67d79eb88329049b6609f215bc4e7dd4e7757f94,19245424,18568980,19245428
0x885819c97bc7e6c55d30fcc4ad0b37a794691d5c,0xd4167029f6ea9ea36087b2cfd7c68ea8f0efcb07,19251783,19249690,19251799
0xdcc9bcba204cf4c42f1afc61ee33f3c8028f26b0,0x88a7b6b57665fbc54c161569a123b4786ede5c8f,19251833,19249737,19251846
0xe2180cb62f2ff7b91aea27d81953fb15768e248b,0x980a9fc3a0d2cfa4347408f143f85ad14d18bacd,19253666,13545359,15454186
0xa5aa34f78d1823c347faa933a632f07be6788b52,0x58cc288ced04ef0f83271edcc47c27aeaa8577e1,19260791,12902146,19260805
0xe1a298956b190ebf133d8fb679ed93f251259940,0x24e47a74bdb83350e90f6b68d6701f095b207393,19263571,19263463,19263575
0x28c6c06298d514db089934071355e5743bf21d60,0xde7c724ed0932f4df5e140e4c0fc54afbe35276c,19268238,15311776,19268266
0x32d3ba8d6d09c4fe0490a0947f26f1c63d0705af,0x06b713ebfab6fbcff2803a8165a6b062ae2d01f7,19272622,19272595,19272697
0xe53f47a42cb867af5becf55699e299de08dcdf28,0x469230f12dcf9cd65c824c3b06f5f61ad34e7e88,19274063,19274030,19274075
0xdeb8699659be5d41a0e57e179d6cb42e00b9200c,0x4d61ec06e4b7f0e31461358042240f5a962d22fe,19277576,10295709,19357839
0xe38b322d3cc58658d80384d6a42dc314eeab3c63,0x672e767d28fe9b50c4197979904762c7c8ce888a,19287342,12326638,19289571
0xa7efae728d2936e78bda97dc267687568dd593f3,0x3fb65e3670ac86acc5bea35e8b0888e337670318,19296797,15309224,24954492
0x69bc4cd2353d9e6d7cba0bc6943e41ad2299b3c8,0x83b0efee069a22a328536a5d388bae6fbe9a80ad,19302869,19301971,19302880
0x281870527512f724a9da7882c63361dac5983f1c,0xea6010f977203bf1b22cc60136b61c97c79ddda9,19304200,19303081,19470088
0x67624e5bfef752c524055482a88ca25771abd8f8,0xf04a308aa613d388dea395b52d8c8bb1b1d9fd11,19304387,11179777,19304405
0x3511f837687ff7272a39a231cac1452ad71141fa,0x052fe39634e8c115dba97802014745beb9f91a8f,19321221,12107999,18869564
0xd8e749e457fcd1918c9a589bfaa87db9f8e154d6,0xd3930aa234e7889a5ce5ce1bd19db23a3ec50ef8,19334344,15335203,19334360
0x69b38da50a977dc61c7571c9dc8192ea1a884dcb,0xf4b9fdc8c9fdb32ca2f06b2c8f2d1d71af7d0e9c,19339226,13436136,22545312
0x0000db5c8b030ae20308ac975898e09741e70000,0x1ce900d0c7f1e48a0b44d89847ac63dc9d8d6982,19344020,18685820,23534319
0x28c6c06298d514db089934071355e5743bf21d60,0x8e1c3b51c50743c8f28d52c47ce1abf0e6686b3c,19355192,15311776,25135403
0x6a1b4fdb5c3293bfdeae88dc12ae8f6f8745cb36,0xa195bd28b84f36123ff25f9dc00a39712eb992da,19360293,18883654,19410955
0x761c643d1d6e3fff564e26aa855543dbe20e0dcf,0x76ae0d1911efa61f459249c4acc10516c00e61b6,19361166,11808843,19361172
0x7a2bf53e631c7f99932e3a92ef574f6dfbecf710,0x58d8f583cfd9778e4af05823e94b667bf36c7e96,19363123,11023639,22622398
0x57bf3b0f29e37619623994071c9e12091919675c,0x200c93088706087b2da6bf6016c595edd9899673,19390592,11808940,19390616
0xdaec070444a73ffc5b64b4488e2785714495f0f3,0xb90dac438bc201103ccb4e803e4eecb03ee145cc,19391419,15136807,19391426
0x28c6c06298d514db089934071355e5743bf21d60,0xe02214b27e5dc052a02cfb98cc86fdbcb605aae0,19392486,15311776,21114407
0x7217a656bd5442ad6aa51014e19846f4eaf42fe4,0xd25eb4c1489fe2abc990af242e6e0c918ff14bd1,19393874,11806997,19393881
0x28c6c06298d514db089934071355e5743bf21d60,0x053abb4367d9d9021bcc221fd54c67b8631bde44,19396756,15311776,19464232
0xdf1daed64850592da70978d57abab3f4c491eca2,0xa6ef7396f34d16e7e067bece1a934e6c133c7ac2,19403696,18142087,19403708
0xde390e9df3d2df679aed18a6b7f1af4aa3958302,0xcbdfd0ca0c1066c9adabdc6cfe8808100fed32b3,19405508,19373377,19404105
0xa23afca2d842c5d2435187d8cb0988f451072acc,0xa195bd28b84f36123ff25f9dc00a39712eb992da,19410951,19317270,19410955
0xb529e98a626107335c634b4a905e8317d2250756,0x05d4c23675d85a649fbfe11de5e4e21ce512f052,19435844,17815606,21173052
0xbdd7d0d0ff36a9f333846d4a149c86b51e3407ae,0xa25ae6d436853f757b2cf7a90fd84dd1979edac0,19461463,10613543,19461537
0x28c6c06298d514db089934071355e5743bf21d60,0xd125b79b45d82675d9cac96a6840be8bcb4950c2,19467219,15311776,23669070
0x4cd6962d439fa4c5fa2d6ca645d89e85d468d882,0xb268f09f071ccd12eaac7e33c9fbda52e244fb5f,19480044,17422960,19471476
0xbdd7d0d0ff36a9f333846d4a149c86b51e3407ae,0x92def348b0b9930184bf64f41c9c7c3f7ca87aa5,19482866,10613543,19482882
0x42069631571057e771a8c4e2d321a1a1f069e81c,0x288f8fa4661260663c75d36c005b4fc511f6637b,19485461,12371021,19485465
0x5d645c2671bc4f681e48a4a679220d2271f029cc,0x919accd2d2b75ec1af9b73cbdc415663eb0ec9ae,19499203,19492201,19499212
0x28c6c06298d514db089934071355e5743bf21d60,0x635f747fcce76eda1440e8e02bd40c085dd94e7e,19505459,15311776,19661134
0xc209400e596c50b61ead9aa3861b695aba24fccc,0xde0e0a518ea6d5c47b1999cfc669bf9b82df4bc8,19509969,19509645,19510043
0x7de3a640b9c1c52e6ffabe518b4b62e6cd91ab18,0xd4fe9284a6f056cc7014d8385d25d3a4540c9514,19532386,13693056,19532415
0xd412057fda9a704f30bcdc70d72ab47e00ffc5ff,0x66f7370689b6d10c7e3e15cdba8c61985f907442,19533219,19533208,19548254
0xa060351a60b69f700b518bec9935cb0af5504d07,0x0f0ee74adac022ed3e3b216b61380a6b65c4f278,19566887,14384845,19582167
0x46d7ffef389e7ee2c1126c94df3d8113d2a0f811,0x1a2a842359ceef5fd2c2fa19db19b3737a443ca6,19568198,17138950,19543731
0x0d0707963952f2fba59dd06f2b425ace40b492fe,0x1bdc8f4087778076c1994eda0c762087999e613a,19600322,15309230,19676264
0x28c6c06298d514db089934071355e5743bf21d60,0xe18b3f9f635be661253c076aca15b517408c9b4c,19616056,15311776,24032278
0x28c6c06298d514db089934071355e5743bf21d60,0x09001105bbcbf3e45578521207eb75bc5991bcc3,19626759,15311776,21936957
0xf47d97038007a2fdb0133526a0c24f55da802675,0x9c35b3094315ecffc2cc40139ff49a12bd877237,19638503,19638403,21632414
0xd37779e8f1d21a93594a1cfbfc9e770400446850,0xb32bb304b455d5ecfb865a14c7c79e96a2ef9de4,19644899,13337690,19616465
0x4ea4d86c2dcadb881bccaad5d28a14b80d6aa1ef,0x89855aac10b9a451d194beab1219f0da05c2590d,19662186,12651511,19663177
0xa7ccea34584f8e9a68c9170949a2022527658365,0x18215880e8289e2f0afe7bb855df3c10f265855e,19663662,19317284,19663703
0xb3586b89d664aab7f984fb53b7606bcb61f352c9,0x18215880e8289e2f0afe7bb855df3c10f265855e,19663666,19317306,19663703
0x21f55277ad0090a93472125ceb9f2495c6cac5e1,0xb48c10efa889143a32f37a64627391463f8e6690,19667942,17441091,19667995
0x0000000000000000000000000000000000000000,0x3bc4344cda7fdf83a0672687b305da66c165a1b4,19674581,9117019,20198559
0xe217898898aeff1454950c2079373df87a878ad4,0xed7a4bfca4d6af85d8daeb2ab75239759e8d3ae9,19683347,15454122,19683481
0x0418cefb03d6d85553bf2046de18ea43eec1dd83,0xfec85ccb576ceb0ef12d112a2e7a1875d5824d0e,19697951,15306121,19697964
0x72d4d59f31d0cb4a4213a5dc81fc0108241ecc71,0x0f0ee74adac022ed3e3b216b61380a6b65c4f278,19710534,12286910,19582167
0x8ea17f0b6d7d4bd65df499657c089e4972361ef4,0x1e2d50516355def25adac582705dd71df3ddcff5,19716573,17840018,19718074
0x28c6c06298d514db089934071355e5743bf21d60,0x8a2ae4966196b091ed0d19dda937515fa46e27a5,19716988,15311776,19719366
0x89dd06754bb239b6c4c92bc47c8fa72889084e27,0xed09eda2f977e9a506079923ebb816d564193ed3,19728049,19706557,19751455
0x37433b3d93928522bac45b9f00a78deb2cf4ed00,0x85cf0bde43ff69b045406f8fdbacc86fa7de3d34,19731838,19731716,19731881
0x57bf3b0f29e37619623994071c9e12091919675c,0xf34035cbdedf833f62143cfd1d4d0eab971d8944,19734143,11808940,19734174
0x12ccae7f0680e3f8da2cfaf77398168489d9a251,0x156ba2b4d2d149293366666814b3be579f0f5444,19743190,12083970,19743205
0xd60adf1b1ab9c590e78ec03afb0716a8f6db4111,0x1b5484d0237ffb877e868b6c453eb1dbaa2a66a6,19761681,19761284,19761689
0x28c6c06298d514db089934071355e5743bf21d60,0x0662e817b7af53e6a05d5e09771f41769e841341,19768776,15311776,19738769
0x31d1809fc3a589381942c01da2b6f4da541a3308,0xcdd7893282638cc3cbcfd11d3caa8fa29204187d,19774381,18912089,19774393
0x28c6c06298d514db089934071355e5743bf21d60,0x84b4da9bcd4b01c809966bee0f911519aaac894c,19783741,15311776,19783293
0x238597949ffb601dd71128ed9813afa697d76e07,0x4161dab7415e75656134969bb6e0ca6543ff0d6d,19785310,19785264,19785343
0xa7efae728d2936e78bda97dc267687568dd593f3,0x6fcfa57e9190a9607d47943173c8fd0990b8d1b1,19796740,15309224,24032509
0xa7efae728d2936e78bda97dc267687568dd593f3,0xa7d6386313355a2a5ea0994a95c4b33b82c33014,19799780,15309224,25323561
0xf6783aaf4c89988f709e2d631c73ef3f45995809,0x5c30163146992fcca045948eb58695edce191510,19799952,11846716,20559729
0xb673a2d502b426f9ebdbb4f494f9ea9e2cef6fa5,0x8cce01d607c50d34345259aca7cd15d4a48b0945,19809416,19312947,19809443
0x9daea6ed27cdef7f7f409984756fda4257546799,0xcd497871a5012d682feb34f748ea7f942b37c74f,19817012,19816961,19817029
0x28c6c06298d514db089934071355e5743bf21d60,0x477ea7fb0777a940787f6b00ac9e771b3824d305,19820056,15311776,19820698
0x2ae8e0a3ae9e456f7a116ea8298d8ce9309beaa5,0x72bdef866d9b9dbd706dd19bd21d62e830f839c4,19823912,19823895,19823921
0xcc1e990ac4a7243af72528bd09417f3edd510679,0x714fa3b87678e474e2d0b853217dd02b5d107946,19828135,19751751,19828152
0xb450aa35d3f2bc49bd24fa31439ad4aa2c6a17c2,0x0f0ee74adac022ed3e3b216b61380a6b65c4f278,19832900,12044317,19582167
0x498f75287f9318f1e0a6acc6b1642f0cedd8c5d8,0x3bb99c484b69483a26ae6f799ac2f35bcd09d119,19840037,10437467,19840050
0xa5aa34f78d1823c347faa933a632f07be6788b52,0xeb33f6992c479a490bc7ddec1742920034496797,19880944,12902146,19880966
0x23db0021bcceee0671799f6fdd8ae6011183c2e5,0x0bd0ad0c42db04885af95243fb02a2cebbc3c80e,19883128,19843874,19836248
0x0000000000000000000000000000000000000000,0x9b7121b638f9531fcdea9a8df1bcd5ced929079a,19885130,9117019,19885194
0x6df54a9fabcd8a70c13e7daabaac27a5a053bea5,0xed7612733d818a742626bdeac9f83d6ebb20838e,19907293,19907246,19907304
0x28c6c06298d514db089934071355e5743bf21d60,0x1b8845e1a8ccd8b2370067e054e0ea2f7a32e8c8,19909954,15311776,22135334
0x28c6c06298d514db089934071355e5743bf21d60,0xbe1f98c407e7030904fdac86219f5c9fb7029ecf,19919006,15311776,19919014
0x44ae838b6e3af82412a45c40f6500f285ab4a146,0x6e7de70ea274a990e0a8e87ae808e39e2d896aa5,19919198,10603976,14973045
0x0d0707963952f2fba59dd06f2b425ace40b492fe,0x2887583f3b9002a186f6aeee560a9f6c7f551247,19921601,15309230,19921655
0xb34b45594a2c2946bb91d14d3f45a32ea612c300,0xc902173ef34ede56ea7d591773adfe2574820757,19929126,19929285,19737601
0x57bf3b0f29e37619623994071c9e12091919675c,0x0fc1b0ee428c6f7c90af30e4a42c78b6cd7967ca,19929915,11808940,19929929
0x28c6c06298d514db089934071355e5743bf21d60,0x7e433861dfc8ea682c58e31d59a13e78d558cd04,19933173,15311776,19938404
0x3dff33cd2a4476739c814ffaa07d17b27bb813d3,0x4099ec2b91fbf1ee53ed8ab180d092457f3d5131,19940524,10849103,19940561
0x2f3550f40c955244ef499ab8b790051b60388e78,0x2fcc31217e747ceed530ae726915d71d577cdac6,19942719,19942273,19942727
0xb567ced9226da721e0b3541ad49e7c7e98ee755d,0x9fbf56ff052cdfe6a56513126ce8ce5241f756b1,19946893,13452880,19946906
0x7de3a640b9c1c52e6ffabe518b4b62e6cd91ab18,0xb827e9c7e4fe3a430e845c81c54a455ec16c8930,19954811,13693056,19954829
0x57bf3b0f29e37619623994071c9e12091919675c,0xdc77dd003f5e72406750896b33998a6ce774e9be,19959955,11808940,19962186
0x28c6c06298d514db089934071355e5743bf21d60,0xbb340b5a7de9080e32914cf0779bec51887bffc3,19960406,15311776,24032689
0x0d0707963952f2fba59dd06f2b425ace40b492fe,0x561016802c846e8416bda41591b282693bce829c,19960652,15309230,19962392
0x1040259f6fe4f1c6ed1044b9df6a8a4ebd2d3511,0x60eb78afbe7624101874408ef4d475024ed841bc,19962562,13859898,19963720
0x7de3a640b9c1c52e6ffabe518b4b62e6cd91ab18,0xfcf41af2939afadb844f2d3ad2900d90586867bb,19962858,13693056,19962864
0x0d0707963952f2fba59dd06f2b425ace40b492fe,0xd7bfd63d6d370dd06383c7acf49b6961fadeb5c6,19971654,15309230,22564209
0xe563000cafc0d23070abbe6534d9fb6352d64252,0xcc63ce03cfacf3f973f57b17a8299fe3a8bee717,19974876,19969404,19974962
0xa7efae728d2936e78bda97dc267687568dd593f3,0x188cc7286af105be6f7a11585e2f3ae2f23d27ca,19978952,15309224,24810510
0xa7efae728d2936e78bda97dc267687568dd593f3,0xed567783020b26cb934e011aba417009d7e5218d,19982830,15309224,19990206
0xc056dee9b948947cb9fae9846ad255712b0cc7e3,0x08e514c0e15bf910ec7a5ce3ae40377b70e46ef7,19997845,19997812,19997852
0x28c6c06298d514db089934071355e5743bf21d60,0xf46862edf3f17b04355407965b6361cd0df866ec,20006526,15311776,20006178
0x101e9fbea2347f0441056ba80fa9b495bcc21d0a,0x0c50ff0c9845f12cc5730af290c1b5b28c9fee45,20010823,14820760,20010843
0x76d7cfdd62c7a7ce775294d56e1ebda5fb67951f,0xbfd827f3aedae6a6dcaf3fb7389ccb1ba068398d,20014734,15137107,20014750
0xde30040413b26d7aa2b6fc4761d80eb35dcf97ad,0x67cc1e7bc55a9ad22b90fb6f7c5c7b799b9b7721,20019295,14842842,20652365
0x5c9ec48cfd33d4bc4cdfdf215002a49b8b0b3900,0xc3cff6dfc4d80673ea6c8fa1617b1d394e639f64,20020510,19706471,20020534
0x60c7d0a2369710a73dcf8cb5c45a0c695ac7eee4,0x4f1ea4122bb7d995d79f31b7dd65b6a520244138,20025210,10931753,20025256
0x6ed0a88d24150fcba6411cbba4109cce27c940bb,0x1c036820287f9c5f72ab8692c0b422138cc5d459,20026175,20026144,20026178
0x7ccbf12737365f8c7c6bc1637220b07e9732df57,0x3f3712600303d0cc7a1f1d711c100ad69bc6579b,20029610,19448200,20029776
0x0d0707963952f2fba59dd06f2b425ace40b492fe,0xe5df42ec07f953849c777bc8456cf80d528ac9b5,20044330,15309230,20044342
0x842e4aee6d01b690bc94107b3f844a0c42f82cd7,0x2a7f3840a27ecc16ae50b3a18bc9543faf5bfe98,20046932,18184131,20726941
0x842e4aee6d01b690bc94107b3f844a0c42f82cd7,0x0b39d883c6e928474e307e9a11c528524a5fee39,20067155,18184131,20727024
0x28c6c06298d514db089934071355e5743bf21d60,0x36af1c5515eaf65ae27d85c5b3d135c51ae8d48e,20071028,15311776,24983620
0x2927ae83da8c46ea3e8e7bb7601631549301733b,0xe4fc7218b1c1ee1a776d8edbcbffb897f887dbeb,20073459,20073360,20073468
0x57bf3b0f29e37619623994071c9e12091919675c,0xb9189bda952dc1faf49dea4a0fd0760170d3c92a,20074717,11808940,20074741
0xe4b870aaecdb94eb3a438448fffc5c1ebec5e3ac,0x81073c1e99f3bc212004e016e23d4157d7575c92,20076267,10525157,20076284
0x28c6c06298d514db089934071355e5743bf21d60,0xbfbc45f78c4ae17fbf7cc09f2fd7585765c71be4,20084323,15311776,24356068
0x28c6c06298d514db089934071355e5743bf21d60,0x28194665c92038878ba5e69ee9ab43d98b810007,20089413,15311776,21604588
0x0000000000000000000000000000000000000000,0xebfc4291491585274156a1c8ce219bc05a974c4e,20090710,9117019,20248557
0xf800a4bb7e41b6eecfd9c1e5005b20f7d097b4ce,0x5860e7ad9afac57a8482f2c762ec742a0e4d67c0,20091095,20077135,20091099
0x57bf3b0f29e37619623994071c9e12091919675c,0xfbddb579638fd7da69ddefbf1da77765db0842d7,20112788,11808940,20113044
0x7217a656bd5442ad6aa51014e19846f4eaf42fe4,0xa830e6632a827000db562b51596442201468644d,20113064,11806997,20113086
0x37cf9ad4212bdce8cb48baf84f1b736090349150,0xd8466a5f1067889d042813f8ef982e57e3df4784,20118351,11225846,20118363
0x1a3c89485effe177ab8f2a01c9508ca9f1e636d4,0x049d7944c12644869f1bb24c7999619d79c9fb90,20124841,20123000,20133352
0x57bf3b0f29e37619623994071c9e12091919675c,0x9bd3d430b9c29c8ceff8b36f905ed0bc7ec82b4b,20140220,11808940,20140225
0x761c643d1d6e3fff564e26aa855543dbe20e0dcf,0xd8154d1036b4dd8a674abe09b1f1c1195d4646e6,20140246,11808843,20140251
0x0d0707963952f2fba59dd06f2b425ace40b492fe,0x6afb06fc5a0dae2a86b96088338236d02f999999,20144991,15309230,24032631
0xa07c565326376055dcfa206ef5b84ae471fb735b,0x031159889e1c37e44827865d56a7d844c6fb1e71,20147473,11388891,20147520
0x07f5e87ecf72989ac969e67d2c3b0bb495b3f8ea,0x42705fa3d828b3371919d61ca7ab8a4eecf6a132,20148266,20129747,20148469
0x569966740a0260bf1a1d6f358ff30ad58c71e41f,0xc52c0ddbdfadfc17b9acbf874c7928e948806e6f,20148290,20136808,20148483
0xc953c25ed7c90f203dbcc313254158d6b70af723,0x8b14d32e01a3218196d426ecd58c86bfb676832e,20148729,13076842,20149235
0x665967faf572697e53969c0b7e8bd336b1fac885,0xa3d2a27992c348d80d6adcc22a9dfb90fb64a3cd,20149348,12348981,20149396
0xe7d2c7cb09c412eb065bd9f4354bd322a93dbf99,0x2556327b9b0ceb1de11a9510217cc9b6bc41e7ef,20151335,20118973,20151346
0xf2fcbb5ed583941a43fb16bf68913ae05c510691,0x908785686c28908224ac55a9d39d46fabb5a4bd7,20152857,10409555,20152861
0x3ba857d483c1706ee9818542c908b9f85f157f04,0xcb9417bc49d74cf3d1275529d0025211a51f29ed,20159235,20158556,20159250
0x28c6c06298d514db089934071355e5743bf21d60,0x753d9ed189ab91464b051d0764c7fabe64599e33,20159597,15311776,20159642
0xa995daaa0e0d85ca20bea73621b644b0da4d44f4,0x584384bd539ef9e7fed2173693360beec64d2dda,20161284,13525366,20161295
0xa7efae728d2936e78bda97dc267687568dd593f3,0x947e41a22942fb9f53a6c58955c653de32d02049,20168679,15309224,21386797
0x28c6c06298d514db089934071355e5743bf21d60,0x379ff60735a2ddb53f862d91387025ff0a16b43d,20175150,15311776,23894639
0xfd34bb6c1bfed9ddf14cb01ee08cfd1e8caa08f3,0x80df810ed14feb4bbc6ab78a16dd9b0388a8b1b0,20178575,20092934,20178593
0x2e0a393a201f9a9188723ad2a47030a0126523bb,0x47db1e1a8f4b4b6e032c1076c383b88b0561a0fd,20184179,20183706,20184197
0xaf253406e0963b65dcac594eb11f6d3665db0781,0x27c1e7464057f782d2003ed38c5a3a67e3946823,20189918,10998184,20189923
0x57bf3b0f29e37619623994071c9e12091919675c,0xa07ff70dd834ba461dcc01c026154e7658607399,20205848,11808940,20205858
0x00ccab4d116a47a2d102139e272d7cd0eb8039b8,0xb7ad6cb3c2e6f0e85a428de2f714aa4ab9b22e9f,20209192,20209165,20209229
0x829148aba1177c4b6a6a3dbca3e165fd34094e1b,0x9cae31e2fec608b0889f6c7c174e3dc152811331,20212154,11384552,17497094
0x28c6c06298d514db089934071355e5743bf21d60,0xa4c5386d96ce950107f200822ec79c41ac8a2fcb,20216578,15311776,20216617
0x761c643d1d6e3fff564e26aa855543dbe20e0dcf,0x096dc123f50fc4b1c2d759b2defa1cada6cdda1f,20221151,11808843,20221199
0x28c6c06298d514db089934071355e5743bf21d60,0x6abade6569f03841a0d5233d23f175eeeb3253c4,20227223,15311776,21095389
0x4af7d85a133eceb3eb714d4f010ac2e2868365d4,0x1fe4b028d19d6713b5d5f41b09d51db4a2d2a9ee,20234084,12711712,20234119
0x4af7d85a133eceb3eb714d4f010ac2e2868365d4,0x80eb30e4aed581904df804abcb6fea804fe5a202,20239955,12711712,20239965
0x0d0707963952f2fba59dd06f2b425ace40b492fe,0x6db375ad4ce4d9be78b37ea81c90c4e6215e461a,20246445,15309230,20246624
0x905315602ed9a854e325f692ff82f58799beab57,0x122da0955266261a444bbe41ad8e70a49ff0819d,20246677,11840834,20282939
0x1b7ea7d42c476a1e2808f23e18d850c5a4692df7,0x420387544c0450e55eecd3bc3ce12000eec53e6d,20260904,11481451,18551562
0xa7efae728d2936e78bda97dc267687568dd593f3,0xcf16380f63465567888c6fdb4f49c936fc0a540e,20273742,15309224,20274056
0x57bf3b0f29e37619623994071c9e12091919675c,0x155f2f267d88372db8945e909ef500403ac52e65,20289552,11808940,20289573
0xc173b11ec24885f404ba400b6a042e02ffc57632,0x9e7f833af11b3ef010591087bf73e55b79451dbf,20290125,11056267,20290138
0x5c9ec48cfd33d4bc4cdfdf215002a49b8b0b3900,0xcf9d2cc8bf13625fe8e40a2b32adddbf4421a514,20291850,19706471,20291857
0x9c6ab594e25510dc748a8f4be19c61e0b8e293c4,0x4b766eab2292956024cb8134338d8e22820b9d3a,20296266,20296250,20296280
0x0d0707963952f2fba59dd06f2b425ace40b492fe,0x61fed1856dee03b5271307bdf1fbd03ee5e9294b,20304302,15309230,20441118
0x0d0707963952f2fba59dd06f2b425ace40b492fe,0x3535af8a7ce924315877455f77c24158bb9d2f90,20333969,15309230,20338284
0x0d0707963952f2fba59dd06f2b425ace40b492fe,0x51f04ec64f54f9cbb5c19ad0a1c38da7f52ea6d1,20349593,15309230,24167763
0x0d0707963952f2fba59dd06f2b425ace40b492fe,0x50fd8e95287a8cde28b2a2a586aed572404e4370,20351971,15309230,20363096
0x96ab9bae5c35f33308837ca09f774958dee635f7,0xb8d6a9902eaa1e46fe60bfd0e8cb8e9740d85a59,20359406,13730399,20645149
0x7ec1d0e7d4f1f0695bf82878c410bc34638e331d,0xf5366b77e9169b705affa5e6c4f8d21223d2dc60,20369412,20249727,20369423
0x2e66b03ef6ac44c90ef33c64fa5ff1312b9c2b8d,0x1163a289bae91dfd3c7b6d2c3ce02fc5a4cccc48,20377170,9547682,20377183
0x28c6c06298d514db089934071355e5743bf21d60,0x6b6eaa4f8aaf3e3d36d53386955f45e2cb5d5fe7,20377570,15311776,20377756
0x57bf3b0f29e37619623994071c9e12091919675c,0x117abbc47d1f5421c4f1eb308d884f4f8f3a9c8f,20391477,11808940,20391568
0x7217a656bd5442ad6aa51014e19846f4eaf42fe4,0xc3a0b96cfda1784584efb082e5266c447d15d1e8,20391572,11806997,20391640
0x0000000000000000000000000000000000000000,0x4a277039b1427a6dc63280d65e5541809445df5d,20409135,9117019,20409155
0x28c6c06298d514db089934071355e5743bf21d60,0x05d4c23675d85a649fbfe11de5e4e21ce512f052,20412023,15311776,21173052
0x4ae339d21fc0949975488687f1ebeb3c355bfc56,0xd49d1429bd6fd784e4a1acc37fa01156e619e471,20413860,23968926,21837423
0x3dff33cd2a4476739c814ffaa07d17b27bb813d3,0x1e2d6c21ff86200d52587f3e6dbbf62d8804954a,20421759,10849103,20421770
0x28c6c06298d514db089934071355e5743bf21d60,0x1f79ba35778bc6636b45658ca040567f8ac1ea2e,20429596,15311776,18502220
0x2230b9d6fe41ecbc228ebce4d4fd5a80f721ee72,0x080fd86b555f282a928d9fd08a9e59d9b7c85ca5,20446073,20446042,20446083
0x7c32d5779b79cdd5fb17c50fb46a1680a552eacb,0x8fc41110f478ff0ab971b4c518e8d66193287020,20447031,14759365,20447073
0x1612f95fb4535588e569be03c97b411373ac1c1f,0xe82b7b2de735921eb03a1685d995dc0b58564873,20448763,20448759,20448768
0x8ef56578907a433649a3efcd211bcda6eb9b26cc,0x408f80ab16f1f2e47501ffddf1d928af50d8710b,20449452,12141732,20449465
0x3b1f7cdceb49dd46bf794e8e31366014adaf4f3f,0xac56886da66095488fd5b207ebb5f27cbb82eb1b,20449929,20449924,20449939
0x5fc79e21ceca2aa0f7a0aac71ef3ddde8f004e9e,0xf4629e0c02cc44a7aad039819e65ac5b3068e1db,20462590,11114974,15332288
0xdeadfa69653e0c6c0299d252495a4266c7012814,0xb84018570996ab629df0cd150489d36e33695cab,20467983,15150056,20468015
0xa7efae728d2936e78bda97dc267687568dd593f3,0x6afb06fc5a0dae2a86b96088338236d02f999999,20470593,15309224,24032631
0x28c6c06298d514db089934071355e5743bf21d60,0x40d115198d71cab59668b51dd112a07d273d5831,20471859,15311776,20468801
0x28c6c06298d514db089934071355e5743bf21d60,0x767037768fe0beac207ffabf01a016096b4a0c09,20473628,15311776,20280329
0x002dbc432ce06d453e8add9a3195a3d000f8f14a,0xb4ab4e60d6a880ea61ab213ea13d9c7fa18d65a1,20475541,20061193,20475556
0xee6405e6fccc0a8af1d51f73bab71c130b4e283f,0x866af4642dd34b31895b73ff2c2a82ae7ab84073,20479081,15158745,20290865
0xf4ed18b3bbc2065b2c6bc89376b6ed57dfa895e8,0x866af4642dd34b31895b73ff2c2a82ae7ab84073,20479088,15215915,20290865
0xa218c0be6b3191ef4aa8afe8399a2544fa660320,0xe82f8efb971970d874fdb15c2e0a4efbc39ee09b,20480745,20480693,20480748
0x28c6c06298d514db089934071355e5743bf21d60,0xbc3a0fdcaec67c290cfa1ad9fd4f0a64bb3d99df,20482280,15311776,20481285
0xb7fcb76d56fa9af9a2f6be77784823061970df23,0x9837108bb046bc93bc12c9c1bafc6dc49c985a23,20482895,20457222,20483640
0x761c643d1d6e3fff564e26aa855543dbe20e0dcf,0xda1bee73b497189fecd47b2319e8c7327b44e64e,20485123,11808843,20485128
0x0000000000000000000000000000000000000000,0x42ed8ca138de808fd22afc29928f09ad4a31e7c3,20487143,9117019,22283961
0x0000000000000000000000000000000000000000,0x00dca1bd1e3ac57cfc9a9af4602662666a8d3fe0,20498750,9117019,24235116
0xb50421ddf9241c8998bf1e68cf6c479dadce8aa3,0x0b49deb0d3c3c76c63a4eee46f73d398205ff903,20520699,14861522,20520736
0x6408e0320911fe33008db28584c4ce7aa883d4b7,0x072ee0a7467ffc246683d90f0d8b43a92ffc0c84,20524621,20388901,20524643
0x0e0a7b5e0432ed81a2ed0cdb2c4d3fc6195d01ea,0xdf29fa22b0cb45457bd1378f12f39ea6150ed0b6,20530899,20530887,20531455
0x67f809a08b8ec299e8474759498d4fd5fe2a7747,0x2a293a667a501175471ac043d4cd6803b48224c7,20533957,20533899,20533960
0x28c6c06298d514db089934071355e5743bf21d60,0x5544819fe98c7d083a4e1de2ca757f6a244ebfa6,20535959,15311776,22253882
0x7351ae6c990de5295316c987bb715384c87d2df6,0xb402ea3f844dcecbf425d9e0452808fa77acec82,20536318,14462787,20536330
0xa7efae728d2936e78bda97dc267687568dd593f3,0x490d47e7fb312ce26570b2f4fb2d8fc96c3f1ed3,20560857,15309224,20094341
0x536edabfebabd15c0b4728a3070fcaf1e0692890,0x061eae30072fa6b1ce5d65356a7fd4b3c6a8e96c,20566778,15306294,20566785
0x5079a3bb454d24ce0b77e7fbaba83d1ae90690b9,0x7e026a0c061382b0f5935a90bc7324ab0a5a3acc,20569923,11755301,24389456
0x1dfc4b48987db1b970fa96aa1ab07dc895d89a70,0xeb47ec97fcfc4c77966a5077e7eaf9dc162c80ac,20570228,12536756,20570262
0x41586c2c3fc5c1dcaae8ea01f3a9edd4823815a1,0x352965ff1b3dd4d9bbac49b2ca0ff4e5fecb407c,20577530,20571390,20577748
0x74d2b904c6a7aeebbbdc4ec9c2335ee393f9a452,0xf5968b45ed35a03d057c1dcf3c91aff1688b460c,20594862,13228585,20594919
0x7226adf78819c0ad6b6859c1db349ec023b125c8,0x53fb6cad3b5eb259f3f240d1cf6c894c682ff483,20620378,20620227,20620390
0x0000000000000000000000000000000000000000,0x038f2743add6327c8a7a0dc744df56d914e8b72e,20638614,9117019,22075927
0xa7efae728d2936e78bda97dc267687568dd593f3,0x3cdeb4fe680f25938f6618a981702611e511eb0e,20642416,15309224,20009702
0x3cd28f0eebb2fa37a68c6657650a97e689189dc5,0xf97079a9dc1ddfaec0007ded77630ba95c8707f9,20654982,20572217,20655026
0xc5b52201882b0820748155f682d33fdb004d1b09,0xac54eab7a8a1555c3940da85539f4e27bfdd9c2c,20664474,20663418,20664492
0xcec827b4721b61165a14bdc4065d677aa112b77c,0xeb19610ff5ddc65caa078faa911f965967822e48,20665946,11792163,20665956
0x4eb1b13d61dab5d44a9090d49b8ea31ae7eb7980,0xd38089f1d50d04475e26cd0d16f253272a5026d0,20668562,19827937,20668559
0xec2891bc7ad85c50045adde9dd500a0cb8cac1fc,0x56f6cd20b4ac4fca3c5b8dcf4ed9f91aee2f9ebc,20676567,14855952,20676642
0x338baed7cea281fb2645dba7b1f8a7cda91d87c4,0x2b76a912447e55f3aba3e7c646e8fca104b39a93,20682977,17939803,20682992
0x0d0707963952f2fba59dd06f2b425ace40b492fe,0x48c5113400aebf1b8e92c2655273fc5f462193b5,20684374,15309230,20684388
0x338baed7cea281fb2645dba7b1f8a7cda91d87c4,0xe60b92887a9e4a1d382f04f5080a1d623afa9752,20690968,17939803,20690983
0x365725750d9be2f2b1facf0f799642a4f79ecbf3,0xd55d4c882d34b5b0c74b9f95d855ae9f9c778c1c,20692535,14789408,20693483
0x59f4a9d239aee5853a114a923bae2acc9156a772,0xd55d4c882d34b5b0c74b9f95d855ae9f9c778c1c,20692539,14789416,20693483
0x6fa4af9b95ab00c8e312aa9006ee602798d0ad08,0xd55d4c882d34b5b0c74b9f95d855ae9f9c778c1c,20692541,14789431,20693483
0xa77fe90b66b2bc487304424ab4a12746c1593351,0xd55d4c882d34b5b0c74b9f95d855ae9f9c778c1c,20692993,14789444,20693483
0x4d8ee3eef591e864cd5aa9bce0a01727c5f161e2,0xd55d4c882d34b5b0c74b9f95d855ae9f9c778c1c,20692993,14789449,20693483
0x338baed7cea281fb2645dba7b1f8a7cda91d87c4,0x864159e14c02b5f584675d63a75b034f9a5837f6,20697832,17939803,20697960
0x2e419c0f0cea04c9d1dae710a0beedaddda1b2f9,0x3e4acdbd20cfbd6149a985fcaa05e2db43900ee6,20703246,14931283,20703259
0x0f465dcb5dd4f1ab6c90f21ac9c12ba9627c39b7,0xe52b0e21520f26e3e23cfc7207a3832a37fc39b7,20711792,18134325,21002464
0xa9d194fb9bf36268bfadb50b7d500e94e3e08f08,0xf57214c56af0138337e6c49a2906ff12e5662de3,20717729,15925402,20717748
0x56a76200221081124754311c06f1f9c2b3d7852b,0x8b49480e380f4498e585e21d53d9e2b96ba29b47,20724356,15787817,20724367
0x0d0707963952f2fba59dd06f2b425ace40b492fe,0xf73fa25f3a83df9888c1dcf74d9926ecfbfba6bb,20741485,15309230,18555624
0x0d0707963952f2fba59dd06f2b425ace40b492fe,0x4979b3d766627ffba51ffd673f3d6e9071d7d8a8,20744334,15309230,20744388
0x69ed29368eb42fa135ec95abe9620ebf57fc9bed,0xe1dc90274ff750648ad24e69ebe1d05c36058d97,20767695,14838686,20767701
0x90409474549e8fa2c1b8db968e5aac5bb5c199ab,0x60db1915c0e9254baec6ee324d1a8543806c5a92,20777774,13541851,20777797
0x28c6c06298d514db089934071355e5743bf21d60,0x32ca44af1c59d218b39d2c2ed9cbe3ef5ef03392,20778776,15311776,20778796
0x006fc62334b3fbba68d9f599bb680995010f140f,0x5a8fb429e110707045ca1acf818d33af3065201f,20799262,12958031,20679108
0x0d0707963952f2fba59dd06f2b425ace40b492fe,0xc7098767ea978a17c75fd9c6321f98221fce5701,20820847,15309230,20821203
0x7217a656bd5442ad6aa51014e19846f4eaf42fe4,0xf0b2d990953887481ba95422710776bb5a5200b0,20840160,11806997,20840168
0x57bf3b0f29e37619623994071c9e12091919675c,0x7182c6d4d9b57621ea24dddec896bbe7cf868bb8,20842044,11808940,20842049
0xd748cfb1fc49086ce316bfdf12c232f93de756a6,0x388975c5dd77e123a065a8890d11197c478fd527,20858458,14300857,20858481
0x28c6c06298d514db089934071355e5743bf21d60,0x430ac6763ac8e0753f7fa8fc871f5d7a15d50b0e,20861087,15311776,20861171
0x6e7d96d4365e94ea8eef092e6aaf79d5138ad975,0xbe9e10a29503b10cf4bd7362c229b7991fb7205c,20862370,20862321,20862387
0x4d72d4269ab46962713ca19cab8161a87684a163,0x8288090f6016bd90dc234fc619baeaa6ba031ba6,20863595,13338944,20726189
0x6fb0b80668c89700b620a052bf6dfc227ed4853d,0xbf89d6c3a19a8dd4511fcd094b7b38fbe6ab8540,20865483,14838622,20865488
0x24db482605ec09b61705e18f3f1b9b18399e3c98,0xf5af09daeac8ad982fca9fdd53cea04f04156f06,20872070,14718599,20872332
0x28c6c06298d514db089934071355e5743bf21d60,0xeec1fde6a9bc7a3e7178c4d2fe559ce67a04d6f5,20883126,15311776,20883786
0x0d0707963952f2fba59dd06f2b425ace40b492fe,0x4ddaaed1014b087fba0fd4e95b5c1e4633de0d83,20883683,15309230,24192109
0x451c58304e305e29ca91acc2771241daaaf39d81,0xe0472ad92a6b0cfddab42b96e2f3b5f4e9c6214a,20892743,12345719,20892749
0xa09bccb5f31c2508ae44f9cb8618718be0be22ef,0x21c447f31b29e6417594637fece733fe712259ac,20898244,13465892,20898267
0x28c6c06298d514db089934071355e5743bf21d60,0x1adacb306a982707be0a283544bdbef421eb18fd,20909246,15311776,20929025
0x061ea43f9f4071d3336b73fb6e40a1c91e2bd8ff,0x93a0994aa98b608a6bb273f8216e2ee9ce2f9fc4,20920277,20792738,20920295
0x28c6c06298d514db089934071355e5743bf21d60,0x2116b4428d0866db8265ad4d48c5fe5ddd66ec4e,20923828,15311776,20923837
0x7b8d61c313924fe1f7e34eeb4a4a9ab737cea5a2,0x883aad71828719274542327a21e1cd3038eab82b,20926863,20786530,20926873
0x077f63d89dcb66ae7b9a7575c3e93989f2627c13,0x3f2ee7957ef1ec53f8419a4f2b003563240d4562,20929353,20929340,20929366
0x0d0707963952f2fba59dd06f2b425ace40b492fe,0x820000a34b48da58618e06e838168552e1f6541a,20932300,15309230,20932306
0x077f63d89dcb66ae7b9a7575c3e93989f2627c13,0x7c237576d67482f5a5d134d362ab9260556cd2b1,20948708,20929340,20948872
0x28c6c06298d514db089934071355e5743bf21d60,0xceebc6d157f0281757d0c97f8978cdf60b86dfb7,20957754,15311776,22437690
0x7e59afaa26eb8a50a584596b3b0f27b0b48ba2af,0x7c237576d67482f5a5d134d362ab9260556cd2b1,20968139,20953670,20948872
0xea2551bdd847accdbdeb7ec2126d52a465e4c420,0x95ebbc9f8ceb686b8db3fb029e06727d120a331b,20972210,11826468,20972220
0x0d0707963952f2fba59dd06f2b425ace40b492fe,0x924b6de9853f8d55bf2f124e9d3f1f44ba7a9b39,20978120,15309230,20978124
0x0d0707963952f2fba59dd06f2b425ace40b492fe,0x24ed541fc22220f4d967a841451f6ccf36556fe8,20996617,15309230,20996677
0x28c6c06298d514db089934071355e5743bf21d60,0x86b0c4b2dfe0db35095a348e260560d6df389d8f,21008683,15311776,21012330
0x34603bac5261714faa83cbdcbcc781461ed39a03,0xc5e2f31875e749648c5166fc93f7ff394919ee27,21009119,21008958,21009190
0x54edecbf2af3aab2dd62e560e35653f08d5c23b4,0xfde48b541bb6706de1fa58bc848d55cfbf35cf1c,21012626,12691887,21012683
0x386a586131cd525cd0b42e0d7cc989f99ee951f4,0xaaff59cbcb690820e51ab855710c37d7c05d466a,21013700,10713121,21013720
0xa7efae728d2936e78bda97dc267687568dd593f3,0x214f00044188d3c6f9a501aa7b4fc7f2c3c6782b,21044073,15309224,24786770
0x761c643d1d6e3fff564e26aa855543dbe20e0dcf,0x377c9eded47ed26eeaa2f53f749064ea15ed7c17,21056344,11808843,21056353
0x42b8a86115c9deca3914619e7a25207dfeb7b9f6,0x48d88453de07a4645e14194a34b7a0bd7f865221,21065625,17563349,21069460
0x0d0707963952f2fba59dd06f2b425ace40b492fe,0x91cffb9ba0586ccecc9f9106b6e5d9260d2a28a0,21066775,15309230,24706485
0x22a23c3f5d0ec7161425b31958624896a96f375b,0xccbae31fdebd0f999975981c20a4ac5b5e4bbc66,21092076,21089678,21127925
0xa769187eb3351072a31ae7f5c2204cc375ff1f7f,0xda2c4d5d483a95dc6d4051928bf4ccf5e66f35e7,21099633,16770005,21099741
0x0d0707963952f2fba59dd06f2b425ace40b492fe,0x439c62289da8b1c375765c8da2d1a8f23dbc65db,21102244,15309230,21106513
0x0000000000000000000000000000000000000000,0x5213bba56890ad54442a98147838223d79104d46,21113195,9117019,24195644
0x28c6c06298d514db089934071355e5743bf21d60,0x18c65ba5cf74a674e8aeea53ed5a6ef9c41d1662,21127707,15311776,24840298
0x39dddab5242cb6d73041e4e805c6ad5f5cd4b552,0x9ebce899095fad3b63ecca506dfed8b686828aac,21132058,20787994,21132098
0x39dddab5242cb6d73041e4e805c6ad5f5cd4b552,0x93a0994aa98b608a6bb273f8216e2ee9ce2f9fc4,21132065,20787994,20920295
0x0d0707963952f2fba59dd06f2b425ace40b492fe,0x0b45f511e8cfcf7c91ab70fdaf61f57addf4b07d,21136473,15309230,21136527
0x28c6c06298d514db089934071355e5743bf21d60,0x78bb5e50df02cd00982dde731b4be79d8d1f55ef,21146640,15311776,21103887
0x28c6c06298d514db089934071355e5743bf21d60,0xeb84832e942dbf0662c14e6504dbc765911eca12,21151505,15311776,21151541
0x718fcce4e82de60b85c45f70d3ff735fa1461bc2,0xa71c36cc728706516a50605bb873cda1abd4e927,21155002,13437132,21155019
0x0d08ad2ab7893c04ecb460cbb6822b11c9e8904a,0xa71c36cc728706516a50605bb873cda1abd4e927,21155136,13284329,21155019
0x0d0707963952f2fba59dd06f2b425ace40b492fe,0xba25b13c4b7394af4e8dcce2f53f61970675c93d,21156351,15309230,21156447
0x619852bb859a967a0115e66144615466b691fbe9,0x472aa665d85cdcdadc6bcf3347a9db36545aa146,21163507,21163490,21148956
0x0d0707963952f2fba59dd06f2b425ace40b492fe,0x51f7b3725b3d231aaba7fc5f228b490b635c49c5,21165108,15309230,21165120
0xedee6379fe90bd9b85d8d0b767d4a6deb0dc9dcf,0xb28f25e577caa58191829a88306b3b2940461748,21168740,19519095,21168761
0x575807803608d3c711f295d8651502a8c090b8a1,0x1d3b30eaec1c62f97bec3e851f4b05477d359d2c,21179877,14791744,21250611
0xad5bbed1018a3245499c0bab98971d2a0758ef43,0xe080e4e5659321d332041f95d01a291bc7a1ddd3,21184110,12140348,21184146
0x6aa9ec09a37e57f7e905cfde125ee5ea80e316b5,0x2a1ea7eedbba85af6dcc60124c074b3726d48182,21184613,21167548,21184654
0xf24786d5d5d6fb5fc63e99a85dc00b8f6512ce11,0x2a1ea7eedbba85af6dcc60124c074b3726d48182,21190754,21190732,21184654
0x1b7ea7d42c476a1e2808f23e18d850c5a4692df7,0x48f20b682ecf9c4f4b2cab761a44b90759d5d536,21191778,11481451,21191795
0xead5b7d86c681c036c59cd00a0390541061c69f2,0xc575520992b4e54879359f3da6884db58db37e56,21192886,12549194,21192917
0xead5b7d86c681c036c59cd00a0390541061c69f2,0x111431605865a821ac3679b19cad9d47739684e3,21194119,12549194,21194173
0x7c7199a258b053eb5cb4ce2a06ac2ddeac4a8cf2,0xbef16d2e32907fbb4f877ce885671c38e0b7aab3,21195768,13480717,21195781
0x2d04d6fb4ef77cad8b45f43b9b6b6c0bc952a60d,0x4cfc39414691359d6cbde8ec1ebb5c2099769fbd,21202982,12774250,21202993
0x226aba1e8e3df14448c1b9cc506d2207701963a3,0x36b7e3e7ffc30e41e7c3631bf9ab92a1ea549491,21205898,11096804,21205909
0x28c6c06298d514db089934071355e5743bf21d60,0x2cad66f673ab46d977f4f3508c9ad9529b13ce14,21220434,15311776,21138459
0xc829a8d026cecc7992eca5f176206c1baeee78ef,0x2ff8ec06825482b307f5e3903e5818a5c8c63890,21224325,12313221,21224329
0x10653709e0d8cd4974ac89a91603df4fe167b335,0xa3ee14755a1034685c42f951edb63aab0b925401,21266658,14021814,21270482
0x3ba4fd5124479a7d21e9540bd8d8568121a68bd0,0x4046879e52f3fdcd96f496e57c13ec011aeeb4b3,21280790,19284463,21673710
0x28c6c06298d514db089934071355e5743bf21d60,0xbe64f54567467889b72d9b4b3ea2d004c3f65c28,21299258,15311776,21199363
0x61bdec128f18b0d8fd13288aafc0390ecd19a174,0x5814922c0097e624bbfd9689e7126e446e6534e8,21300701,12573693,21300714
0x0d0707963952f2fba59dd06f2b425ace40b492fe,0x63cdc12d755fcbea67b0391e0d0401a87675734f,21326894,15309230,21326910
0x0000000000000000000000000000000000000000,0x59261a65ca3e5d4a5fa3788c7897c8577f4dd9e3,21327684,9117019,21556740
0xe8c7966ed0c71534b98507443eb2d44c7b5caeb6,0xe37e0cdb807674bd16fb8fb4f5bf284149476e97,21333757,17075247,17076072
0x0d0707963952f2fba59dd06f2b425ace40b492fe,0x61cafed793068207e3a9ab2d42e5ea5a02ccb204,21342372,15309230,21355429
0xa7efae728d2936e78bda97dc267687568dd593f3,0x90b6e5327f0e128e904a45deaaf39a009762aad1,21352766,15309224,24032278
0x28c6c06298d514db089934071355e5743bf21d60,0xc17410f6d402d24c14f60617da600697af1057a5,21359311,15311776,21329874
0x8cca05c7ab3daf54fb2a8b076260ef257978e693,0xabe4728717501c5d895edf1a1a0c4ec7896f73d9,21360882,21360847,21360886
0x4af579a9dd453b49045ae9be7ebf0e2c45cda736,0xa36923b17ecab87ee7b6158c1e70aa40b60d1199,21360913,21360911,21360924
0x923ba95613965edfd8d38be384f2b0137369a241,0x44c59a94a4188751e5710d0f6323a2583b9b4dfe,21362459,21362098,21362526
0x0b0e3411af0386f48e4c1ec0008f84618b31fc41,0x44c59a94a4188751e5710d0f6323a2583b9b4dfe,21378980,21192164,21362526
0xdaf3f7f611efa83033155d23c3ebc5b52ddbaebb,0x0a4d8510a6c3d79969cf4ae7cdef48ebf16647e5,21384748,11722972,25126787
0x0d0707963952f2fba59dd06f2b425ace40b492fe,0x8a2de54103fedf5db5bc6ac1defd640982d5f13e,21391550,15309230,21391555
0x0d0707963952f2fba59dd06f2b425ace40b492fe,0x5677b7e92569ef6954ed6ea74462356c7ace931e,21401924,15309230,21401985
0x7351ae6c990de5295316c987bb715384c87d2df6,0x35862da3c05804b1e64d4670d90cb5d760ca22be,21402690,14462787,21402705
0x75dba81bb205af286fca167507ab7532b74b4cdf,0xcc5d88d098689ed2610f8c168715b32e2e46a48f,21415295,21415273,21415306
0x0000000000000000000000000000000000000000,0xdaa06b2735f261638e0868c70b84462e092f0ea2,21417108,9117019,23281651
0x3d1cf4a306c6ed3510c1699ab1d20106a14fb3ad,0xbb490265373e74be8a959e84cc41680234efad96,21419130,12157425,21420687
0xe92512992249a0089849cca60faa638b957cd532,0xbb490265373e74be8a959e84cc41680234efad96,21419445,12402585,21420687
0x1537ec760011c86a40351b7810dc7d2fea23b581,0xbb490265373e74be8a959e84cc41680234efad96,21419796,13096199,21420687
0xc6b5bf383227455e09d7d6155fa302f8e04c7c44,0xbb490265373e74be8a959e84cc41680234efad96,21419805,13270979,21420687
0xe260937e8437c2a2de871a69445aba2171f72742,0xbb490265373e74be8a959e84cc41680234efad96,21419920,13634735,21420687
0xb642750fe2e6798f3c10da5d60977bf9620731e0,0xebaa702b0203707ffb03f2be8b43ab5628a3ac84,21426576,11806676,21426583
0x0d0707963952f2fba59dd06f2b425ace40b492fe,0xca3d88abaf1fff98bbc8005a8357bd3f10c1e1af,21430406,15309230,21430412
0x7351ae6c990de5295316c987bb715384c87d2df6,0x4a33651919ba87c1b67e3cf8937e94fe4c930183,21457706,14462787,21457718
0x28c6c06298d514db089934071355e5743bf21d60,0x1ae29ba4e935ac54bef94603dc5ae8b1ccf24d5d,21463732,15311776,25594388
0x0f4f465ba25368ba69d5212b9883823b0b8b3d38,0xbfff00c9a3379df737a3d0eb4d2fcdf2d3891d27,21466146,12624688,21466161
0xbabf956439b1002911b75e2bdbb46cb6f050f6cd,0x22082067e9394e82ffa5f2cd4ccfd188a91748f2,21470733,13917928,21474179
0x52bf55b48dba3ca83b0d39f449c5c96a7ab45615,0xa8272de49988f90a0eb5df3c8cd9516165462947,21475864,12536738,21475875
0xeafaa79d5bc0496d767f05f875da233ea5de1fdc,0xccb474976760b51e3adb597c905217d36370cf65,21475959,13636503,21475965
0xc0799a11c1b06c5fe0b7f2038bb1409b9d01489a,0xda2ce1d7a4db06eecbbadcf35cc1ba495c4a8cb7,21498740,15433890,21498749
0xa5aa34f78d1823c347faa933a632f07be6788b52,0x3c2916415bd965ce3c22bd1cc39557b71dd5f96b,21506914,12902146,21506923
0x7351ae6c990de5295316c987bb715384c87d2df6,0x22cd11334b763dc98503722d39686d009b9d0685,21516051,14462787,21516075
0x2f8154f21bf8d10bb7904cf774917ff41ad13856,0x42faf6aaf23d1bf940ef27689a76394bddb38514,21521011,14792099,21521067
0x28c6c06298d514db089934071355e5743bf21d60,0xd170a5ad670f599f2f647f84d0a9fdb03e1500ee,21524279,15311776,22845225
0x223a009f403ae943bc0d7cbe32e977b572a81cf3,0x3fe4488a475f8a15088f28ab048d3ab92f0d1d49,21528030,21185997,21528053
0x251946d3deb3e143f9eb88b9be2a6a956f64db53,0xae806c5513a72fb51c6039fd7442da6d20c1691c,21531394,15055441,21531416
0x7351ae6c990de5295316c987bb715384c87d2df6,0xb941f5aec99c43c54bc6a9bb2a807d9fee6ceb68,21537480,14462787,21537492
0xa7efae728d2936e78bda97dc267687568dd593f3,0x1b8845e1a8ccd8b2370067e054e0ea2f7a32e8c8,21542345,15309224,22135334
0x28c6c06298d514db089934071355e5743bf21d60,0x2f6cd43ccd30bb4cee6cc361b846e833289fb714,21546235,15311776,21515367
0x7351ae6c990de5295316c987bb715384c87d2df6,0x2d68640f39ff4e493cdb8b4c4e6bb6dfc8ac1be6,21546473,14462787,21546478
0xb39d8b2b1706b3248c343b29a394b69bef43579d,0x85ba8e506838794330e5fc527d4cd34dfbd53a1a,21554818,12406075,21554826
0x8f805c42271dc920d4a7a6cd0ff6c9c5d3752bc6,0xa7c9139c29cd812f3860a640ba0c39a803bbac77,21572758,20864192,21572842
0x251946d3deb3e143f9eb88b9be2a6a956f64db53,0x92c6d3da5488f963aef27e84a60a20391c89de0a,21572800,15055441,21572848
0xc017129534f994abe6f2232a174f16401f59a01b,0x2451ba576707328ab9da4b901a94ede094bff68d,21582738,12989012,21582749
0x0d0707963952f2fba59dd06f2b425ace40b492fe,0x35544b8dbb0a14cbf38ce428545b3098dfe3f2f9,21585324,15309230,21585410
0x44cbaadc5936e7e5d72d674e089c871087b4e4a9,0xfd3daee06f62ff4cb7d3119080af88a672c238fe,21591323,14605720,21591342
0xbe7ec7292bc1260ac5c5c85b75d9e0e485add1f0,0xa73c07fc4b51aeb2325a6e6bf4553a8d653d1643,21593892,21593834,21593900
0xc24a3f08b09cbfed10978805a76f1e1517bc99f5,0xa73c07fc4b51aeb2325a6e6bf4553a8d653d1643,21594767,21594705,21593900
0xc219cafde6855f60da76d9cacc3873fda65516e6,0x6d2d8b6a355efbbb45f1fcab64a71083f1270aee,21608800,14960682,19955723
0x041a679b3676bcfd22a9d902948c0a46c53403aa,0x7b44b79f8e99040f155edcc92fc064a9a331816a,21610013,16690864,21610037
0x0d0707963952f2fba59dd06f2b425ace40b492fe,0xfe5e789b59d94b99fb9447633a21f1e16dfd16b0,21615096,15309230,21616830
0xe5d84152dd961e2eb0d6c202cf3396f579974983,0xbeb0581aca7ed8a2873d7719b3502581330518c1,21622648,13479476,21622740
0x28c6c06298d514db089934071355e5743bf21d60,0xcccaa86947d03e2ddcef5646e829d6a7c7b4a5c6,21624123,15311776,24662711
0x28c6c06298d514db089934071355e5743bf21d60,0x28526eede4b69b15cf65f72e2b8e01c43424ef2f,21632957,15311776,21632732
0x7351ae6c990de5295316c987bb715384c87d2df6,0xe6d27e1b8438bf27f0bb0d2df764f816fe3526de,21637357,14462787,21637372
0x1206335fb66087032e628441192f60f075da9510,0x5fb6e3481f3dcfdf855b41942a458ac50451eab2,21638294,15872267,24613817
0x28c6c06298d514db089934071355e5743bf21d60,0xa4bf7736864bb4e40f99f99d329655b4a654a345,21654526,15311776,21654594
0x28c6c06298d514db089934071355e5743bf21d60,0x1f009fd3e5ceb24f9ff5d6ac984d521a411f9933,21654870,15311776,21655187
0x7351ae6c990de5295316c987bb715384c87d2df6,0x68036c72f749924e107b9c95dfa46557ddee46da,21661598,14462787,21661763
0x28c6c06298d514db089934071355e5743bf21d60,0xadd85f0ed3f39c2f38daa6713ab631411ad21d09,21666888,15311776,24032852
0xcb450c8e269b8b96c944bc5b19c51100bdb4139b,0xdaa06b2735f261638e0868c70b84462e092f0ea2,21679444,14714553,23281651
0x0d0707963952f2fba59dd06f2b425ace40b492fe,0x42da02b9c3045aa445106e90fa4c08ac6e8023cb,21681652,15309230,21572375
0xc6c2d5ee69745a1e9f2d1a06e0ef0788bd924302,0xad340cdd0778679d695a330c69a76cbb08fb7b28,21696530,13156362,20321218
0x7217a656bd5442ad6aa51014e19846f4eaf42fe4,0xf7aa3dfcb90c6e8ae0117f43882f460a4bc254c0,21720586,11806997,21720595
0x57bf3b0f29e37619623994071c9e12091919675c,0x21d9602b4ecf181463186ddae4503f68a1d5b550,21723256,11808940,21723263
0x7351ae6c990de5295316c987bb715384c87d2df6,0xb997dcedb017ba8e9411431130be1a2f86b9bb01,21726182,14462787,21726190
0xadebb925c8146765de2e15afedbf1c49335f93d8,0x5c25c44e97d00c2fd7b50756a7aa1203fa38cfe1,21730988,9135518,21731153
0x9859dd8f057334ae0c6c0f2c03af39803cb36d56,0x85425286adb82e659438e25b6724c64aa58b91bf,21732761,10458976,21539764
0x2b5ddb8c955f8e5ea91796452ac8e3f9f4f09234,0x85425286adb82e659438e25b6724c64aa58b91bf,21732778,10932131,21539764
0x14c379f3ffd6b685b2a711822694e711b19e37e0,0xe0233d53bcc0f4ea7bb03ae17c76507460d87bc0,21739136,21738896,21739159
0x5f67ffa4b3f77dd16c9c34a1a82cab8daea03191,0x5c30163146992fcca045948eb58695edce191510,21743814,13670570,20559729
0x28c6c06298d514db089934071355e5743bf21d60,0xf854ec79ea6a37891db6ce234999e1fe64f58dd5,21765851,15311776,21789929
0x7351ae6c990de5295316c987bb715384c87d2df6,0xc60221e5861c7f0ed5e6f6661ea05cbe1fd7a013,21769934,14462787,21769949
0x1694ec90fbd3b67b4b4f0c7fad73601fc570a842,0x64b90e567e268d59ab27df6247d0d9f9186bdbdc,21786915,15139523,21786939
0x28c6c06298d514db089934071355e5743bf21d60,0x9e9446af545ba2207db68e9a45b83cf5737f2ae4,21800006,15311776,21800029
0x7351ae6c990de5295316c987bb715384c87d2df6,0x03aa70af50ce2c98836b7d15227aa208be6c8401,21803072,14462787,21803085
0xd8da6bf26964af9d7eed9e03e53415d37aa96045,0x1810c87a85b1d3aff71f3bd7fe45e4dc03eff10e,21816611,10096224,20555811
0xb6f3896f1b37ca095fdf3caf8d22f3150c9be0c8,0xecbd02745ece7ddf4bce88c68aaf446980904488,21849604,21679289,21849064
0x4c85ece5bbf191d3e1b76934c8372d4ae3bf6927,0x5edc9dfc1671f55555f317e4f810baceca9b3ba6,21863941,12538315,21863959
0x28c6c06298d514db089934071355e5743bf21d60,0xdd87079a2a55515ee07b0aba58d9cdc274e8ee39,21867303,15311776,21567659
0x978741a95823c830e5180e5589a47ffcc9f2d607,0x6760e853fc23b57e987ae2846cc5f6f6a8417bbb,21872720,18411646,21873434
0xec84fa37993681c66269be6ceaf0bb641e5ca68c,0x1ceaf0334ef8d72cfbe2cefbab894aa582e8ea87,21875538,13211664,21875547
0x451bb3f162c90619855efaffb12e3ff569e91e53,0xb671790498e95f7d5d96ec3a628a9b869181ab14,21880662,12676551,21880668
0x28c6c06298d514db089934071355e5743bf21d60,0x340ba1e1c82aed970268f2b93bd58ab33a12dab1,21904227,15311776,21904242
0xa5aa34f78d1823c347faa933a632f07be6788b52,0x446a119e02d2945bdfd8a1a02d6bfdb9219a87f0,21924825,12902146,21930963
0xd057524fa8218d0c3e1ad9d1562402218a725f78,0x1a197e14014698090a1e8c8a3331171f59d7c4b6,21925464,13419577,21925482
0xf52605c7b778563a5a9144ef4dc53b57463ca2c7,0x4337004ec9c1417f1c7a26ebd4b4fbed6acf9e5d,21930083,20049277,23599260
0x28c6c06298d514db089934071355e5743bf21d60,0x0566d5623e2d92e3aec9763c8590f0225146d6fa,21931556,15311776,21931619
0x297ac94a4ee06512ecf1f21ac638a223f518e76d,0x585f682c9aab21ceb8b4951f137366f6c4b42efe,21935493,13104605,21935499
0x20e97be90357a0c700f1ad2ea0c94161eeaa9a42,0x64ab7c5b54d2779b49cbea2199895547c09208d2,21936241,18382621,21936258
0x0e0035c73b87872c08794705a9ccc7393306c502,0xd773b95724e30d617ea65c1b234675a05b650837,21937614,18478420,21937633
0x7351ae6c990de5295316c987bb715384c87d2df6,0x2a8e36abd06811b8f02f246dd454599d93ee81b6,21967147,14462787,21967166
0xc532e8d1aba3ca8daea0f303b443d36b10bf47d4,0x9c713b6fcab1abb539f83ee9dcc746cf90144b56,21979855,11613534,21979894
0x7351ae6c990de5295316c987bb715384c87d2df6,0xe5c5172e7e293fe42d02f45d73a33713ec37c34d,21996064,14462787,21996079
0x96958d02ff299d9843e9c850332fb2d7d8481e62,0x4a51d5bf1f86920376c032f0ccf09ebf147900c0,22009208,12471034,22009221
0x28c6c06298d514db089934071355e5743bf21d60,0xa3c36abdfef9dab3bcf5c8059e44e786e7ff4a19,22041012,15311776,21938024
0x28c6c06298d514db089934071355e5743bf21d60,0xb819c6e3841fd728efe00dd0839e069c52e3a88e,22064150,15311776,22064158
0x7351ae6c990de5295316c987bb715384c87d2df6,0x7be285fb72786296d06babd38d987f24883e29f0,22067962,14462787,22067966
0xa7efae728d2936e78bda97dc267687568dd593f3,0x18963fa24a8d9c41edf8c4639300326e8a2d2df3,22073562,15309224,22077665
0x28c6c06298d514db089934071355e5743bf21d60,0x850c0e34b921e22bed8a5efefa54ba8d61de7822,22085971,15311776,22035925
0x88eddc8b38caabc481f24819057938337d1ec1d2,0xa3d2a27992c348d80d6adcc22a9dfb90fb64a3cd,22095476,9172359,20149396
0x28c6c06298d514db089934071355e5743bf21d60,0x53972b3eb3150124a1dfa259e66339cfdcaa779e,22106730,15311776,22106736
0x26c377681e132d8647ec6c807416849d3c030fed,0x45ec6a5a1298e319a386e8e82c689bdd7feb568b,22123453,18650532,22166512
0x3a1d526d09b7e59fd88de4726f68a8246ddc2742,0xe8184a8b3bca1ca88d834816f0e3e1ab7c74caf0,22123454,14399149,23927313
0x4767acbe5eb4fbeacaee316bb666e83a54c45a28,0x7d83d349a36d8dfddee631b51da2687c597f4a65,22140252,22140161,22140284
0x6a6a0c4d1a631503b08e2019f425cabeb8a470c9,0x41119f1db3061b10f012b8d92122d9e9cd339631,22144764,22143548,22145171
0xcb69b845781171ca07511249bc3892f99dd8baf1,0xa680c9d1640849ee17025b0069c824d12c440a1f,22150584,22150016,22150614
0x0478faec5bb44c02c3be28181de4d565ab139bbc,0x9278fef5b5fb3d0d1b94407d209ba136c5dc0fe2,22150738,12516557,22150755
0xf6ffba5cbf285824000dac0b9431032169672b6e,0x1e9b0d3823cf9f09ad0566067dde6a7a15c3485e,22151439,18397674,22151477
0x77fb086a26e3e6211cfe8075d039eeb73770e166,0xde14b4bbc53568111ffabdd427ec0ab746f73889,22154853,13350943,22154898
0x43f331d04ce748755940dfa425cc4b73026055ee,0x624842976724459457647b27f5f749621ed7fa6f,22156574,14138023,22156585
0x0d0707963952f2fba59dd06f2b425ace40b492fe,0xf2a3a10064348af6e580a93f89fcff4ea30a4afa,22159458,15309230,22160620
0x28c6c06298d514db089934071355e5743bf21d60,0xdfc09ad2a9ce6ad8d50bebe599d23bdea013278d,22162509,15311776,22801062
0xc6841f00de81c6959c19f8402fa6ca05963be3ff,0xa5dcdf14a9ce88d59b338de0a7dd3ec07456f48e,22202399,22202376,22202445
0x28c6c06298d514db089934071355e5743bf21d60,0xe40bc64ea267cdf8616c460d5e8cc9f2b6170155,22202769,15311776,22137386
0x1bfcce0a951613541b36d0a11b6502384961b380,0xbef6de3b317b5e5cedfb7b4685c122873f8a79e9,22203002,22202891,22203010
0xba37dfb895185d2c9e021637cf67275e4bcad649,0xc61744f9fb6199c0090baa32c4e31aaf0a0fe47b,22215180,22222244,22215323
0xbaa398b509fa379276461c4ab44c1c9a7bc24f5f,0xd44033bd87c11f5890ab879286091ed3218546ab,22217714,22217707,22217725
0xf09ab9ecbde18685271be9eb7f0e6711cf3578e8,0x7febec928f6ced5cb3f77a407eb167d80956363a,22218063,22218056,22218076
0x0d0707963952f2fba59dd06f2b425ace40b492fe,0x8f23ac46790ae1da7ab0169973a0c236785f0a22,22220092,15309230,22233755
0x60c3ff0bda4738c97e77dce345e1f1387cc8a5f7,0xa31e812deae8b0a33e196b111e1b16c73001975f,22227897,22119762,22120151
0x1f696f52f01b1d6d6cd8f41c63b35f494640c650,0xa5ac985533904df0fe95781589ac2dd50de2d153,22232117,13009117,22232170
0x0d0707963952f2fba59dd06f2b425ace40b492fe,0xbf773cff66a90697cb43c5fa911a69d602b880d1,22233669,15309230,22233676
0x5594b6b571d0be186d471d08cc73e632ce08a643,0x345a27986dfde68d641c2e88aef693f7a5f46cb0,22257216,22250053,22060549
0xec3616f1779de0d315b130ce7a31602c7523960b,0xb310ec404bba2cad7e1550a26f61397edbc45eb2,22259101,12486371,22259119
0x26743352db3a4ee457c1c63b8a40e8bd1182d499,0xc7b4a00b92d3c81510bfcda6043057b7a41978e6,22265479,22265399,22265558
0x6cf8ff95d04043f6d69dfbee9915e1ac32bb3d00,0x7c5c129006eb2cb43abed3aa7b4f0d999f36e68b,22269834,14191643,22269851
0xff3e81d3c7900af4d9495058a0efc26fa0458de6,0x33fba2b672706e2f84ad9ed26f10c712e025a4fc,22294380,12426410,22294392
0x28c6c06298d514db089934071355e5743bf21d60,0x4e64e433e893d4e9ff596fca7cdf6ab733f169fc,22294678,15311776,23044796
0x9970335ceaf4d9b0aaad37a98d7ca238ca25636c,0xef0f8ea7923f938a83020d06f2a02fad282a6398,22299654,22299646,22300080
0x9970335ceaf4d9b0aaad37a98d7ca238ca25636c,0xffe1bd70fdb8702e64f47b28af15b203f10de3f6,22300323,22299646,22300329
0x1d3efaabec3030aeccd5c7dea8012e00a5bc5663,0x9508089fac9b762540894cbeb713bdc39b1d3b70,22300491,22300362,22300948
0xf8d45e2ee3b274cfed8503f1a2a2df03090e38c0,0x0166149629f9fa59189fbf0b8b35e7292d215c72,22308830,22182339,22308840
0x28c6c06298d514db089934071355e5743bf21d60,0x4909b422b566edc885b80f0c575f1789a147a225,22311606,15311776,24032859
0x0d0707963952f2fba59dd06f2b425ace40b492fe,0xe483c4a657417622790e17b9325ed27f398100c6,22318940,15309230,22281690
0x28c6c06298d514db089934071355e5743bf21d60,0x982ae6031ebe31e1a01490dd4d3270003d732830,22319858,15311776,22395166
0x0000000000000000000000000000000000000000,0x4b98ea26b67f250556694b304d61917247196014,22322225,9117019,22323163
0xd40cb1fa94d2912a6f54238b2d025c4085af4fc4,0x0d5cf91bfd8fda1796e0c658bdea5208e9ada76d,22323763,13557379,22323788
0x0d0707963952f2fba59dd06f2b425ace40b492fe,0x158c68ef3bd9f9ef63576d3ba0ef8d3de5cb44c3,22323807,15309230,22323821
0x98659571eb0bacfa6b214eb7de5dfcd427231f34,0xc61744f9fb6199c0090baa32c4e31aaf0a0fe47b,22328864,22272654,22215323
0x3f3e305c4ad49271ebda489dd43d2c8f027d2d41,0x74de84f818bb4a215102bfe8e264f08b7d5cc8b6,22340582,15309191,23842176
0x28c6c06298d514db089934071355e5743bf21d60,0x68d46013b30516eaae781d934ca02888acb8e311,22348939,15311776,22348944
0xc18c577808dd833a268de0ac8087039b9c37302e,0x681a48cd02b89ab26dc9f01bc0406cc15fe26bb0,22355793,14193709,22355863
0x28c6c06298d514db089934071355e5743bf21d60,0x64d5ccd4b68d5b75cfbe8409033b584fa0584931,22359088,15311776,22351198
0x767da4e1d6cd7e3826b9a56f0af03ec6e7d432ca,0x014cd6257eb892bc0c33b734fb1f82df7d5d2b84,22373487,23088064,22373567
0x28c6c06298d514db089934071355e5743bf21d60,0xae5e95f39eb844d96a2faf56796df8e17550230b,22384007,15311776,24032493
0x28c6c06298d514db089934071355e5743bf21d60,0xbd49943da38beeb6e558e58c8c2014181b183001,22398759,15311776,22411532
0x28c6c06298d514db089934071355e5743bf21d60,0xf76c46114a6a60c5821b6da987a84c4571bb5c47,22403152,15311776,22403188
0xb43191374b1fe06a4ec8cbba2b8da5347cf61bc5,0x4e0f800f221d84f8da9563ad210ef9bf8611909d,22445757,22159578,22445769
0xb17290def0270b53070d717b300990316be91645,0x36f9912eaab2862989b1523bf7945821539748e5,22452031,22451854,22452115
0x568906248a84f6e8876eab26a2f9f56858b7c796,0x36f9912eaab2862989b1523bf7945821539748e5,22452041,22451722,22452115
0xa5b36095915c940021721a96e36e0d25bbc1199e,0xea60dc55dd293fefb218946411a7c4db9ebd7707,22457153,22457132,22452575
0xc08907b76d3a353f3b2677541d0c0f8f5bd71317,0xea60dc55dd293fefb218946411a7c4db9ebd7707,22457168,22457071,22452575
0xa841f66971fae3534d68cbf92e96a3ecc7433baa,0xf13c395cc019c4eb8ac67dedb85ab977a33ea3ad,22465036,22472007,22471948
0xc734011dbd90677eb42c0f93827665f0ddaed46f,0xc5b174d55282a1867c7d5fe940e30c28a36fd72e,22479425,13764793,22479431
0xe977f6be5735c517225f2af0fc56e1f8665238a3,0x5b8cc1c789c8953135354f7177bba071fe424e5c,22482292,15012919,22482332
0x0d0707963952f2fba59dd06f2b425ace40b492fe,0xf86523dc18ba1ad09ac9066051af18e1e5f94e71,22487237,15309230,22487302
0x0d0707963952f2fba59dd06f2b425ace40b492fe,0xe808be6628bca9cfc9a404664064f20bb415c634,22488589,15309230,22488597
0xaafd9dba556be0a3d28c941b9b730f254cb051a3,0x8df28ec856874deb5c5c577c85d7eb7273483304,22488664,22411511,23013563
0x28c6c06298d514db089934071355e5743bf21d60,0xbf1d87571b8f50a6d2b4b6df28e8df4301d37f77,22504008,15311776,22504040
0x71d2fa67ab73aa0e150331c867f24686bb9e3cb0,0xa306f4a1bdc4b6d26d5b361279e85a78b6d7d04d,22510375,22228987,22221771
0xf52605c7b778563a5a9144ef4dc53b57463ca2c7,0x1809d078782ddbfbf8b4e4ea8ae5149195f1025d,22517617,20049277,20685603
0x8ef56578907a433649a3efcd211bcda6eb9b26cc,0x07417b01f25835f4df07c920e7fa91fbd219f91b,22531228,12141732,22531290
0x28c6c06298d514db089934071355e5743bf21d60,0xec8204a4ef3be80b5dfb50467b28b1b8ef5932a6,22559257,15311776,24945298
0x3af2cbbed15302e3f9e851c13e5e78a4e525393a,0x823604e18c04625b2d76be677ad53f40efafb475,22583192,22582859,22583203
0x28c83686a0dbe557d89b8018b0247507fc621a57,0xc61744f9fb6199c0090baa32c4e31aaf0a0fe47b,22583619,22264912,22215323
0x0000000000000000000000000000000000000000,0x144d709ed69936cfce0503d65a0227a2b7913ffc,22590088,9117019,22644219
0x0d0707963952f2fba59dd06f2b425ace40b492fe,0x858567654a01571f5e2f7b6e5bd0383652002d85,22598892,15309230,22598896
0x7e8312c5f7ef349712cd3575e2d97bb9aed0dff8,0xe7499d812fa9701a13d096675898d4aebc18a7f2,22599601,12677149,22599617
0x385e380871e030c25cfea85c4a767f79a9ac85c6,0xd0df5e0767d769622bed8c7f83d440e7c0249912,22628094,22627525,22628103
0x0d0707963952f2fba59dd06f2b425ace40b492fe,0x1ce8d85779abd01732ed05e65af53ef08321fbd6,22642524,15309230,22594160
0x46d2e2172a23a3972dd6f05d9c298f7db6e2357b,0x46e3d10c2b1919a1126f48e91feaedc29abba7a2,22645007,22108353,22645027
0x619b1f988a4f8cd720c4352c15d1e016d92885c2,0x282f201fc1ad28d51ca86b1a20cbdc1b0525c40a,22646975,22646779,22472465
0xe2180cb62f2ff7b91aea27d81953fb15768e248b,0xa5b3b327cf5048cc4a7f60ec2ebad8949944f514,22648490,13545359,22666996
0x73ba0ba33e45b1741426162a6714260c1ffa2956,0xba02b18d1e1920e250ecc8c8a79a53bc3baf3ed4,22659274,21269111,22659313
0x9e8f70e161dfc774b00e93400706b2bd395c8aa4,0xa306f4a1bdc4b6d26d5b361279e85a78b6d7d04d,22662701,22440679,22221771
0x6eede5ef15fe8ad4b9c7745badb7ba645013435b,0x4a884594b53dc105d947324300d28bcb87e2490d,22672684,21057033,22672909
0xb75e0615203b0cf4a9b9e3d398829e8f4a95b378,0x6d7c3e383f16eed385f510be8910a0c4ce8cdfb7,22673143,22673123,22673159
0xe594fd581caaef5e3240af55dee1147e80a17816,0xb3e62567c738b3ee6e1ac60e72a13ffefb7ec9a1,22673628,22602625,22673637
0x2d19e4ae5f211b43f71e2b7338cf90a4ae052575,0xcf8cebe6bcc92bb62cc6806c477c9dfb20fe06ce,22679225,20933896,22693325
0x808a023b72260170c95d831f589a1ae0dca1e43e,0xa3363ffdf7c4917bf51d56a862a11cbc16007685,22684015,11715398,22684056
0x28c6c06298d514db089934071355e5743bf21d60,0xee5a94fcc8ed56fedeecfe557c9bf5925cc196e5,22708624,15311776,22708645
0x28c6c06298d514db089934071355e5743bf21d60,0xc5cad684fab8e380e5c5ca49198807496c479c81,22709871,15311776,25566172
0xc3bc5168127903c7a2ffea618ab8540126c840a2,0x8749827ae94b26b40d50cc366f8b1a3c60b5428a,22711232,22573646,22711273
0x0d0707963952f2fba59dd06f2b425ace40b492fe,0x06cbcfba8e680aab458869329de2853e84993890,22714923,15309230,22714928
0x65fc4c734564dfd32ec423b2c8a277f94f12aabd,0x772b875de4f451418a3602ac60cfdb963a414dbf,22716036,22715911,22716040
0xd6785caa90a18c31ab74be5b702979dec34aeeb4,0x84e8a5c5142832a2a65c8cc77f476b703b3fb02e,22718743,22587558,22718755
0x79ebc55b9b0403c2db81a3f1a86ba32992654226,0x9e179b5d81668763d4f9f37557a0fdbd25be76ec,22721193,22718940,22721208
0x21e665728228b4ff50ae8fc125fba9f80d1222ff,0x9d6eaec4b4a817cd164961eff5578600354c5692,22722613,22722283,22722620
0x1636c3b3562a599427a1bb96916a33e9857f47bb,0x5e64d654a5c037866d0556d1dedd6da10cca3900,22722631,10659708,22722661
0x1f68db7c0c299f918b77ec0b014f604e088eaa1f,0xe60c13add4a0238fe7226bddbeb4903685066f89,22724810,22723839,22724820
0xd8505219e6e02e6e110d2a9706a4919079836318,0xcc8284a2dcb92839bfd66cbacfcbb3877c176d80,22725910,21955224,22725954
0x28c6c06298d514db089934071355e5743bf21d60,0x2f10d385e54d54e7fc0d7ec95bf322fb17906462,22727752,15311776,22631584
0xe941e88e680e86219ebdbfd649d5fce8321dfe43,0x7e4fc32ac7c1c4fb604792d80078efb122332d6a,22732879,22173754,22732917
0x8d4ca34a88c53c7614849cb7963aaba648fb2955,0xe055dc450ff0fea8628151d819d279b3206a7c3a,22747150,22747136,22747159
0x268ae2dc9c5d822891612ec5b535a88ce8ef38ff,0xe055dc450ff0fea8628151d819d279b3206a7c3a,22747968,22747917,22747159
0xd01ee630497b5eefd7ac51d72db0e836c3b9de5c,0xc3d71470d6031c4ce2bbcb36e805e324c563cd5d,22752278,22390597,22752290
0x0d0707963952f2fba59dd06f2b425ace40b492fe,0x660a09bf470f96feef50fcf80bbec7e3268aa83f,22755209,15309230,23727463
0x0d7e0c8544517d82e868f1945f3b3f4b775ce594,0x66f11e33b4bc268e1e55fc46c72aa8f2fb0538ce,22794512,22783098,22794518
0x28c6c06298d514db089934071355e5743bf21d60,0x5e4cfb658cede655d763f19c6c55fe41898e1d2d,22800635,15311776,22592894
0xf574aeca2d1be621174f1d0a1313f9f05977e5ea,0x1edda7854fac406e90333e0b3a9b827f29dd8f89,22803243,22802925,22803253
0x57e9783179ef0cf072a8a651ad4bbea003f48682,0xef76c6392a93ce5b4719d1e0daa33e7018b60cac,22811076,22810787,22811085
0x5a177d09b2dde52d17b929683e7a93f174024b2c,0x66f11e33b4bc268e1e55fc46c72aa8f2fb0538ce,22823482,22801260,22794518
0xaacb99cbfb034a77dc454ea79afc47046474c2e9,0x7e8167337628356e01dd388f735fb19a80a593f3,22824636,22824164,22825164
0x351b7aa24778b5191e56edc49e7b0182f9f50f4a,0x03d781007725c719f9e450fc864f4ff54e19ebc9,22825334,9835810,22871785
0x40453ff22bce68bf9f826a333d71ca9202efb505,0xaf24af00d45beaa993e3079e028394d3a4706943,22830616,23139606,22587462
0x1c6bf249adba422d900ba9dc4c5e96abe6393536,0xd3f160656b9096119be5482a2ae31b638b90ad0d,22830835,22830793,22830850
0x11ca18fac31618b97f02de65d2fdaab637487b4b,0x14a067beb0ba5800f09971779b54412c7de0849e,22831260,22837774,22831264
0x936d458d4cea15136b82b9fc00c1ef2993347bcb,0xd26a2b37f7dcb26930ca918f97cf8a0a4c010933,22854648,22852438,22854660
0x8a52574e654691068b5866b2bae50e76d876bbfb,0xaf789410ff08f942c2232848a8ee15a0a6c239a3,22859479,22859399,22859638
0xc31ff084b1caacece77b6333c09690176c4efc3d,0xc90ca153eaf26340252edf36c93bdf0e70759f4d,22862276,22862065,22862289
0x2a3b4628d415e830985adc3570b47d708b309bbf,0xbff82769dfca5f8371f6b89fe845e8c099c6ac55,22866883,22866696,22866921
0xe9bf61a4739bbcc4a0174b7225f3f3476824ca1e,0x4909b422b566edc885b80f0c575f1789a147a225,22871528,14385292,24032859
0xa5aa34f78d1823c347faa933a632f07be6788b52,0x9514dbf292dd800c75860da00991389659be3111,22873396,12902146,22873408
0x0d7e0c8544517d82e868f1945f3b3f4b775ce594,0x39d8d5608194ad9b6842e1d71744989d5924354a,22875873,22783098,22876231
0xeda014a9b2971f0c6dbdc2d67da0a33a43c25406,0xcaf3affa85c38acc99ab2d196d687492ba5ecb4d,22875920,22845306,22875925
0xd4f019a1940cf421c5a3bfbd2dca09dd76a7bd19,0xd08459150663a12584fd3e873ce1455d2b9f36d7,22877143,22873022,22877150
0x0d0707963952f2fba59dd06f2b425ace40b492fe,0x8e364682ff72a53cd272608441d62c9319d053e0,22893119,15309230,22893144
0x0d0707963952f2fba59dd06f2b425ace40b492fe,0x61968ce6f2b9b9bbae138c301e361f09c30aade9,22893139,15309230,22893198
0x0d0707963952f2fba59dd06f2b425ace40b492fe,0x1aff68ffd7bda5df7b21c3a49bbbcaad9373fc4d,22893164,15309230,22894657
0x28c6c06298d514db089934071355e5743bf21d60,0xd1f20b9bdaa5a3d1735f5fc99ccbaae5b7fc273e,22902674,15311776,22902736
0xf72d2f9755635ca26f67592f5aec474b1b2e4232,0x97b39d9d0eb65e2b00737026b017a4904d5a96ac,22944261,22565599,22944559
0xee2da606248e6c024f1f8fdf363fdff17bcd2364,0xfc599eccc83386da94c26bdc3b294ffc74ee5521,22975493,11648359,23019451
0xb9b28a82b8ed4ae342eb66ecceb14b0179b5b319,0xd158fbc533faaf3ce6c6875fc4beba071499ecd8,22980251,22980161,23498878
0x28c6c06298d514db089934071355e5743bf21d60,0xc07047ac9b3b39781b5873e8b2e64f884218537f,22982801,15311776,22983122
0x0d0707963952f2fba59dd06f2b425ace40b492fe,0x937eb668cf3bff9d2398a7cc0611ca60bbb10a57,22984444,15309230,23019853
0x28c6c06298d514db089934071355e5743bf21d60,0x6267a296257c6c9bf51c32454acbd9beb7273121,22989617,15311776,22989971
0xf45b7ab00b9211850fa440d0222c666e144f996c,0xeed5b21f7f46de0c33e188e4dbca06c3a13b0dd5,23017398,22837032,22658472
0xbea4c6722aee55207e38b7364b6b2815728b012e,0xca9e2d25589c2ae25334395b164bb4334c21c6f2,23020713,22959309,23020731
0xf7bf8d93d0b0ba8ce77f2ff0d127d1a9840acac4,0xcee198af55a9c514e473a9b1bd9d27073c649649,23021097,22973520,23021122
0x72f06eab3af81020f9d6f630f3fd9a3136cb4a5f,0xc619fb78ff544d3d824dfffe24f1553a623de6ae,23021235,22629407,23021521
0xaef249dc96ffedfeb024eef4f92c230ca484e0e2,0x6e6be933f08b29a004df2463ba52745cc01c54d6,23026052,12486373,23026062
0x0000000000000000000000000000000000000000,0x33ea0b2ccc4bc8bee225cf4b9c2492140027b6ef,23039552,9117019,23515013
0x0d0707963952f2fba59dd06f2b425ace40b492fe,0x38248d9061751a7f31954e30ab593814ecd6b201,23042509,15309230,23042578
0x0d0707963952f2fba59dd06f2b425ace40b492fe,0x3482c0fcca1b9f0b66a3dd013ea460411b03ab42,23061963,15309230,23061970
0x1a7d65594989bc986ff1935a7ab6da5aa1308a4f,0x9c6ac42bdb2aed8304a652a49fd028a3d3746844,23070032,11678881,23070050
0x1a6d6cca461444b8d269b43d1af84b838d883a07,0x4acec4bf24d85a8e93b09d8e3f3cd83ea7d50491,23089339,15187527,23089862
0x7e8312c5f7ef349712cd3575e2d97bb9aed0dff8,0x0d0dcfca13433c8a73f7cb176e52d5f7b290395d,23100996,12677149,23101050
0x8b04a4968ea2540d35131b2ba496c463c1b6591c,0x4437d30a68d9da64af1ced036677facc3e44f4c3,23116956,23116949,23116964
0x82e8936b187d83fd6eb2b7dab5b19556e9deff1c,0x27ecf707ebf9a24d900e5768d6df0f8017cb2bbe,23129390,17550206,23129426
0x2c99d50eb4daa1d26b5ba0b1daab58cbfc0ac3e6,0xc1c713021b05343879f691e8b68c7bada09e787a,23130058,12957331,23130077
0x7788f62a87b351782ab1de3c2a6165671caa4fa3,0x744d4e95341e7ce5d31cfa4f6dbc8c4f94de8408,23133975,14191595,23133993
0xad6d16fe17a18b3286e6ca2a504c9a7c935bcd04,0x71b61ca0700211c36ce545f8428fca974d4dc803,23134599,14187705,23134609
0x5deb8b6f0147be8e6128cbb9a58c2ccb506ff58b,0xad171c53352f8ae8bf00c371a4dc3f5687e8b02c,23137687,15249118,23143498
0x6df73db324133bb59cc853404418715029f3c225,0x7cd83e697814b031b522538fd9335084d7bb25a8,23140121,13242848,23140140
0x753e0fa8c6677eb47f9565e6644a343a2c75ed0d,0x78d5b8c81549eb4f040b77a92fc1da2c75d54743,23146088,23066862,23146118
0x0d0707963952f2fba59dd06f2b425ace40b492fe,0x2417665e9e709d0548e7d969195909ec06ec72ec,23169446,15309230,23169449
0x9f118f31a6b2264863aefac5e6f97742af322140,0x668ce7ed07bb27eb1a35b1e42c0a502f47cf94d2,23179934,23179535,23187507
0x28c6c06298d514db089934071355e5743bf21d60,0x8922b5e0efc5e74ba0ce5a3a9831ec8abd444e95,23185332,15311776,23074767
0xe578866feafa21cceb6fc44e8bb209b3c22922d9,0xa05d1d86a0467b25f331c9ea65b7970ae01016f4,23187359,23186800,23187371
0x9fd4b73c5fe8d412c462c3a779037441320fb6a3,0xb9a81a017fde74cb628538b785bb467bef814837,23187541,23173966,23187591
0x28c6c06298d514db089934071355e5743bf21d60,0xa44edc208741a0ec9dea0220105b217867406461,23197278,15311776,23196855
0x28c6c06298d514db089934071355e5743bf21d60,0xdde0f95f18705695159e657afdd6ca75706a0d47,23199093,15311776,23185852
0x28c6c06298d514db089934071355e5743bf21d60,0x371ef1bbf06bb5e4e0e6f7910e29ebaac4509f5f,23200795,15311776,23200832
0x0000000000000000000000000000000000000000,0x059069873130b4224e15c92185eb874d04f94bca,23210042,9117019,21009050
0xa1301a2c1c16909175b1c8b86d0de2f89cdfbaa7,0xb0ac5f12f8910a4a5f6acc8b24c003f3984a2721,23211506,23211358,23211527
0x0000000000000000000000000000000000000000,0xcd38ac4b2ea0f108304659ca2a2ea488773c643e,23215971,9117019,22869998
0x28c6c06298d514db089934071355e5743bf21d60,0xa36e2d54e0e9b18ef4638534a273179a7713c7a4,23216398,15311776,23212072
0x6c5e8c32b1e3a51fcef61f05bda7da52bac6f5ad,0xab3c2b3e2b8bc8886fb41ef930301dafdd598572,23233633,23233032,23233644
0xbc5ea775aa0098ca743dc991fc538e9467382730,0x2710f25b70e0f5f37e036f3e809fc63785f593c5,23234613,23103628,23234631
0xd159f2d43bf3b81f143fdcaa41581955e9b1fa16,0x11e6b0511d3158bf9f913e87f2c9609cf44b48fa,23242415,23119272,23242430
0x71677dc1f30c0ca2f99aadffad8635e151a5670a,0xa011d111e9abfce8e50fd63f6ae4f50f63f4e1f4,23242444,23241182,23242451
0x8ca61a5f0b4c6ea6e1f9bdc147abb88a93916604,0x6ea8be3ba9374de6c9ad97438cf654478df506ec,23242449,23241172,23242457
0x3417dd86b7e1423857ed980ea4d49f5bd7a01d98,0xb182ef9c20d193167421060c45f79235e5408d2a,23246967,21516289,21515961
0x74e24a334565cdefae6627a2527cc26173a9375a,0xb182ef9c20d193167421060c45f79235e5408d2a,23246976,21516318,21515961
0xdfbc1f2f4936d58241e94df1794a74cbe5d2a4e2,0xcf2a7467560809205dfb4b3f043bd85ed7ade24d,23249177,23249122,23249181
0x515cd4715357bd3d7b563912a7b8e25d987fadc8,0xfab99831daed852c546e1b37b54cd9f20e8f4c99,23252633,13545890,23252661
0x753e0fa8c6677eb47f9565e6644a343a2c75ed0d,0xdb98623fde02d9103e8c3d654ff2f6ae6fe005e9,23272372,23066862,23150485
0x753e0fa8c6677eb47f9565e6644a343a2c75ed0d,0x580ae7ef0b261381042901f83753c93deaf1f2b0,23275382,23066862,23275394
0x2f0491d09f6003792848dc282528261e8c2b2d7b,0xbbbcaf18bfb3d3a1efdc10ade8f1cea62b8447db,23277648,23274730,23277655
0x976792227a3abfa8f29d2b6a042c30bf1842f590,0x49a7db9efe72f88afa5e07ba0ca5a2e3b3f1f708,23277838,23274696,23284584
0x0f6c46ea0a202a372504cabd50b24cff6451e8b0,0x047d93d6420812fd8a452c2047427427b319239c,23277883,23119259,23281524
0xd72636a7ff9471c82d7ba55c995711664c4307d0,0x26bbbe5b29559c59093691baf018cff0134fd51e,23278567,12813915,23278596
0xd6c42bbbf5aeaae159e243d12233c48908203af8,0xe737eac7add5b74bd6c19bdb3afeee58b15e788a,23279987,23272963,23279991
0xbb3bd0ebc8bb13f621f4195dc65dfe2948fd7660,0xef1e59577530230c99354f42f84ab1d3301839d6,23281320,23273012,23281337
0x34f2eda1ec1a499feaf10ec6e6953318c6d1da99,0x77c34c8fda4f139481858bb33dc35d4b3d78b682,23281367,23273072,23281373
0x92635ba119a33abca0e74df3ec522ebc2e320b6f,0xee9d38703c558942c08b0e0c2fc3d4e8018ce734,23281632,23273109,23281639
0x8e8dede89df428a50b7fd765884d55c7b36a42e7,0xe365f22851d4fe3eb4eedeb6e3f2b0a52a3c3d01,23285262,23284837,23285266
0x8877f2967bdd2c084fa13272b79a08d3b6733e0f,0x0d814b231422c22bbfcf94e2fc68b211f79e6306,23285272,23284852,23285276
0xdc120a50c99a748300434fd6b590c8a26e486540,0xdcae2118457b5f1f63b6d6ddbc7c6cc412e82945,23285462,11809497,23285479
0xa43a68e374471dfd0a924772694e3c784f625604,0xdc5737d636ce9b8869afe67b849291a34d1bd33e,23285770,23285622,23285784
0xf1ef356b8efdfc8eb14cf2495d2f0c6f647ef39b,0x7fa33df8bb5531b3185e24302985c2ec5533cf72,23286958,23284567,23286966
0x3327c65b7f6bbd4bed62e8df2f49db5c5381170e,0x69ce031d88c23855e22b0d9953adaee166f4972f,23286972,23284676,23286977
0x2671a132c4cb48637f0bb299da3958437c35177a,0xfb440a758900290bc8e270607cb44b692ee66d10,23287864,17423166,23314746
0x1f3b72e58a68d1ae81e05aa82b5442a96fa17560,0x7438b3ee2ca978edc1128ec9371a253b00950419,23288487,23285636,23288503
0x00d78599b46bf3112b813916a3ffc06a1fefa896,0xd44cf160b9e72c85d63956c712b88fac37ae239d,23290015,23289114,23290039
0x44200a7e4f2fa80153ac8a01c71d523aeaaa53ae,0x48881d9b6c069d3818b66dde91657c752be2e6bb,23290019,23289131,23290033
0xd7162a4b0a9ee6532426e110a8c3157cead51b26,0xaf3e02148e91238b1e9bc1d7609f5fa999cbe221,23290023,23289150,23290028
0x02e78149ebe19d58c711efc8fbeacf21dc4b0b22,0xb8263e64ac30b43ad470f4c03ddc0b03d169d504,23291589,23290121,23291595
0x8c8065284fc17106120670a09b5c78a0ad71d0c0,0x809c147e8d526524bdf6beaf3a53855a08bd8a77,23292376,23125421,23297289
0x9b513a554c0d4eb342ddcfb44ab0264de4b131ac,0x208e0dd80d9f388731af8918d656c4050de85cbc,23296407,23295298,23296431
0x105454da52489bec6beeb4f64d6bb2f7d7847a0a,0x43f907473918ca6d63902c2f3bad1e166ffa3e72,23296411,23295366,23296427
0x468bab5c29c730e0492b71edc290719782dceced,0x7b3899256fee667bbddc2dc0185055a2fa9ee022,23296416,23295412,23296421
0x753e0fa8c6677eb47f9565e6644a343a2c75ed0d,0x208e0dd80d9f388731af8918d656c4050de85cbc,23297059,23066862,23296431
0x753e0fa8c6677eb47f9565e6644a343a2c75ed0d,0x7b3899256fee667bbddc2dc0185055a2fa9ee022,23297091,23066862,23296421
0x753e0fa8c6677eb47f9565e6644a343a2c75ed0d,0x43f907473918ca6d63902c2f3bad1e166ffa3e72,23297107,23066862,23296427
0x105454da52489bec6beeb4f64d6bb2f7d7847a0a,0x208e0dd80d9f388731af8918d656c4050de85cbc,23297190,23295366,23296431
0x0f90f87e64e4fed8288ddf1b152fdf1c0b48432e,0x44ea712b9b3e2ca54e0bc291c297e5229cf5e5b0,23298152,23298144,23298155
0xc1b3af5db2f1679a7012aeaff22df4fc54f169c6,0xbadff834edae9da0015878184af479b4aa8a5f5a,23299672,23297399,23299678
0x8ef12069b6ccb3af60424a5f5fc8301b60b5a96b,0xda6c337d9da00b333a6276a1ab19039823161a4a,23302835,23298374,23302954
0x7eec7af99b89df7be23dfca1b6abd93fd4525329,0x2e6025033f0359cd9b7397892926206081cc0a4d,23303392,23298391,23303474
0x753e0fa8c6677eb47f9565e6644a343a2c75ed0d,0xacc29e83e77da1be97d01706117ce1bc381b2df6,23303829,23066862,23303564
0x8ef12069b6ccb3af60424a5f5fc8301b60b5a96b,0x11dfdd7c9172b9e229301661550e9c807ad8cb05,23305368,23298374,23305375
0xb21b2ca58ee41c3d39ce522f964db88220547741,0xf724f0f5e217f55ca0ab65d73785e37bdd256b62,23310675,23310503,23310688
0xf4c3a5bf1f9bdd334dd3124c8abeda7a9e9d0e21,0x7cbc00d642b34165f278db5a8d49015acb54eb4c,23310684,23310508,23313687
0x0d07cdc3dac124aa32a0907ead1de95b0df89eac,0x47e3a1437a3d9e041c31d9ce69fef848190b4fbb,23310694,23310521,23319199
0x28c6c06298d514db089934071355e5743bf21d60,0x5c4db96a80edae81888fbbdea7d8394aea3e33f4,23312331,15311776,23232373
0x1cebb11dc7175b67aa632a205cbf49d62951fba4,0xec97ffbb20bf593629538b3599d2bdbbcc121109,23312858,23312846,23312878
0x75db7da38c4343614c1bd0852f664a78845e8a37,0x77f4dfa067807b139471435abb8119dfd641709c,23313044,23313008,23313056
0x1899e8f07531d02ad19deddfb69749d06e793de5,0x522dde3447efe44be7dd34b2b366c4b38a0444c9,23313380,23312971,23313386
0xc15e88d2ed15649654cc3750e40e4241bec0f9ae,0xc49b4bf590913e68bf65f1a696121b52b3a0c29a,23315682,23313409,23315686
0x11e2144ce80048247deaab7601e31bbd6681fb0b,0xb05ac96c27f9d836056ac5d80f4325361847c879,23315703,23313505,23315717
0x2671a132c4cb48637f0bb299da3958437c35177a,0x6ba42a1d6be0861ecadefeaa266dcac749067827,23315834,17423166,23601358
0x11e2144ce80048247deaab7601e31bbd6681fb0b,0x7ce597ed816ff32af98f6bab20d5b41334022cd9,23316236,23313505,23316253
0xfe3b7ff7a0f28fe08e62a293eefabdf5682f9b75,0x03882144e585ce19e798480de1ece3d5cada8286,23316731,23316714,23316744
0x9ee138652b97b0f7be9ebb85ebb1dc95af9d6b2e,0x4d96480d58046ab661ca79b49e5fb6b9f788f5a8,23317823,23317810,23317850
0xe75dda101f71f80d2376f1fdd41a5b00d80625d2,0xecc0ec227ede649227a99633177866a5d53fbcdc,23317845,23317820,23317887
0xfd2a7511813c319ec598cfd05ae4be7260e72eaa,0x780d40e82bffb004f7a45722c4b2d81565f78e1b,23320890,15196912,23327524
0x10000f471c976b7dbaee1adbfffd781827bfd731,0x7938fa4c152ea423d35341972e07259c41f5a03d,23321005,14745162,24270097
0x781bad11595a3b6829389167e25847cccc6753ff,0x18ceaf20db09a8a9eb2ac2e7e0d104d62c544a0d,23325116,23319270,23325125
0xae6fdd56325e23864fba7eec89ede85b42498cf6,0x5a40d7ded3acbdd905477ad61f20d8fb8c3a42ed,23325122,23319277,23328282
0x28c6c06298d514db089934071355e5743bf21d60,0x2c93decb4bc639474edbd9f97e6bb264b7f24c6f,23325444,15311776,24368675
0xe3aa5bad5eac0420ddaee864fa389805ba7163a1,0x2018bfc809b1a4403d252210b15492a265a05de1,23326046,23325499,23870648
0x8bfc023d776674405caba5c35c7d3b555930a5b0,0xf3953acbfb32a2fca66b89d86af49c7d50bbfd21,23326495,23325617,23873355
0xd532ecccc9a6ba84ac106a3e1109b83d2b5b9946,0x031d1cf1e45974d42ba5d4ee26619778186e51ac,23326499,23325535,23870682
0xc45ac5f1c4b3922d931834efb6724384022b083f,0x43330328c6ca38db5c69e3e34c7fd0b0763cc074,23326504,23325597,23870692
0xf8c35ae20b399fdb4dc8b7d988ddaad14e6cd4c3,0x8e4c82c5562f2fc5697bf7287b04f8ffe8b399e3,23326506,23325607,23873339
0x0000000000000000000000000000000000000000,0xc11b941ecf451a84110258fdd5d54409f81ec184,23328988,9117019,24751040
0xe0d8878032a263ece701cf316ce57a0c858f9331,0x8d519f385a761b1ab966df284f8c7e2d698cebfe,23342278,23328247,23342290
0xaa9351737a681b002f93c44e51802b471b2d20e4,0xd598f06762d4c6829ce8891dfcbdfb809ee5398b,23342296,23341577,23348427
0xa31c64ec06eeb83909d81fd4fb652f94a2375989,0x934b76406096fd3b024dd2e13032c91af97c0034,23355016,23341587,23355037
0x0d0707963952f2fba59dd06f2b425ace40b492fe,0x2181f83d910cc56d89cad391ac3ccb5752f66069,23361185,15309230,23361225
0x8ee30e136421591ebaed38329866171b1f38a4c8,0x9a7a8302aaf6d3e71b227eb4462d43537f112ccb,23362889,23095694,23362898
0xe37a3aabeb3e65a402829c55e2f047b2a86aadb3,0x95948a38313f8a0a2779628f19e1e6c949a885e0,23362896,22961966,23370613
0x8f3d31d02ea2cb2c1ad6a54bde433fb3f666de1f,0xa4d1639030dbd5afa148eea41a2df1e49ed69c3d,23365851,23365822,23547614
0x2bc184e0eccfb088dd889257128ceb31b8522c48,0x3d4929fd43a4da5eb03c6ad2e5f4158629830553,23366798,23159441,23366818
0xcf85a0296230ed8c9a870c13274118042f478df6,0x3d4929fd43a4da5eb03c6ad2e5f4158629830553,23366806,23080590,23366818
0xf9a5825f25711e2b24fb4f18e15a7ee15f525708,0x68f90cdbd4e60ab514a37cda7b49b44f1ed535a0,23370638,23111951,23377817
0x8135cfec8c07d1b7dd5c5d8ecbbe6eb764cdf9a6,0x614005e445943dd20980203b9c2748d94ca09480,23375752,23375659,23375759
0x2c5fdca9be3b1f0f520d3e2b7e3bea809a355c79,0x9e0ed321dafe872b8a70d5e2126234683d7a1575,23377018,23103708,23385045
0x7c3ce7bb8ec348b07a9c3c93ab7269d264d9a5c9,0x3e357b910e1934cdf3412b203cabc30a2f1b9c5b,23382807,23111923,23388428
0x549ceea21a6452761860a43e532daec88313ea26,0x4030c63f1d8d7e96777637ff8ef5598803beead5,23382812,23125428,23391819
0x0d0707963952f2fba59dd06f2b425ace40b492fe,0xf2551dbcabc23f72ba51738b946c16e245b99ccd,23383864,15309230,23383870
0x8fe03e9aaecf31a7164b1e4be6e82c7d13e379cc,0x9b7be7b28a0abc93b6f8c1c0cbeba45d4795f39f,23396898,23296685,23404516
0xf6d7c771172042c9e810e5c85634c5bd4aa52ff2,0xe5cfaacd787e731ef9cd2c6e19993cd460ff55a0,23400259,13370816,23400331
0x33b148fefd46c30074ac0196a00d558935e73527,0xe5cfaacd787e731ef9cd2c6e19993cd460ff55a0,23400281,13896471,23400331
0x7a8591818c8346b8994f314cea5be7a39e3d33c5,0x2d1b3f593800ebea41a8d0c16fa3c08db40b7a0f,23412572,23412568,23412582
0xafe8f6f23f5ad3095dd624659cfa69091b2994e9,0x88b280b85efba7bd640963fc6940b6fe5deba6c2,23412634,23412629,23413462
0x5344fe62b3cd16594cbe248ea8d97a39c0e7473a,0x473874fd03a0d65b9332d49d55d9f66a2ab03e00,23412642,23412639,23419448
0x776dff2d6eef22428588efb97dbee399d7909156,0xa74f95d46b9007d54a399f1b81b3547fb2d7467f,23412651,23412648,23416461
0x51ac69d76503708483edff991522977a8c685772,0xe43ed919bb525ccc2367d3b62387cf2c94b575e0,23412665,23412663,23412844
0x85b3abda2ae8d586f1c3c29333d86781f02374cc,0x46e0af4191b762af9f0dd04935c892c1a1462c32,23417777,23417769,23417786
0xd4e14d89b5b7e8cd7537d96a341919688d356b88,0xd519d13e2fed6336363b5f93f9de2573bd9eb1b1,23423592,23423311,23423606
0x2d8b35a06227e332a90c7067c3cc9a43a38015c6,0x7cd3a3e0addf0de4e3bb55808dce7a2e474a1126,23423629,23423377,23423641
0x7349e9af503abd63c96f2aaaacddd456d12f53b7,0xd77dc76c35e0d0cbfb4b21e8ecce16d72ab45c2a,23423670,23423424,23423949
0xad5bbed1018a3245499c0bab98971d2a0758ef43,0xd4c0224a892e88cabd19c09d778b733b85c5d714,23425694,12140348,23425699
0xaa58f4a1e68ed86aafed3c08efecfb52431c0f13,0xefa92428a29f22e37769b355e3ace197feb26208,23426020,23426006,23426033
0x75726ab22c23e8d7d622933a7c69e583aa984e00,0xb5082d3d6c48cb4390ad4eae1aee27368328914d,23432685,23213694,21263369
0x3ba4fdae70d1c0dfd465160ff709d36a9fa68bd0,0x4046879e52f3fdcd96f496e57c13ec011aeeb4b3,23454530,23454500,21673710
0xe4cff6327023fa118fc2b5d803a7ed3166e40c6e,0xd106077da3be00139c8ff4c92ecf9c1cd11bcf23,23478261,23478173,23478281
0x41130cfcd0127516019940c0ed3e91be3458426c,0xc5f5c0d8879c548f5d3ab2d404a9151b339bced8,23492249,23492213,23492267
0x736638d8784ab5f16c466f8ca380a1ee3a25a5a2,0xb23bb8c4babd4de04d2868f6be45ccc304e4ac53,23512413,23512347,23512434
0x62f0f492dcdbfa087a9a5aadcd9fcd37350b1b78,0x44ad945150a806dd8800ed47085f997b8dbe6434,23519429,23519423,23520429
0x62f0f492dcdbfa087a9a5aadcd9fcd37350b1b78,0x75f5861fa29d5c34fcc93c7cec7b80d53017ba68,23519432,23519423,23519449
0x62f0f492dcdbfa087a9a5aadcd9fcd37350b1b78,0xaf8c5f8d20ed3b50dbbe5f2ada36b55b7f5e5d02,23519436,23519423,23522036
0x0169078601436726131954964bf3ea5659938d10,0xfad25c40bba4d8c51ba6835515b16e75c087feb0,23520793,23520712,23520808
0x3e3ba260c63795c8b18e6b425f1175fa8d7a92d4,0x9d7617b0203a24e4632fa18d469947f748ce783d,23527972,23527944,23527985
0xf369af914dbed0ad7afdddebc631ee0fda1b4891,0x3c7779d27348017415a9184acadc0d62052841ab,23529947,10060095,23529997
0x45ee8ec0b9dadd1d49b0afb0a02132c23163cf21,0x76cce9c7d449ad2020922c4e5399437801e1f644,23531479,23531474,23531490
0x0d0707963952f2fba59dd06f2b425ace40b492fe,0x71b5e0e0b4ad3f0624edede8376a831176ef6d4f,23537073,15309230,23544524
0x28c6c06298d514db089934071355e5743bf21d60,0xf03d93dc5c619b990e13ccdb36584842be230468,23542713,15311776,24578616
0x28c6c06298d514db089934071355e5743bf21d60,0x1ce8d85779abd01732ed05e65af53ef08321fbd6,23545151,15311776,22594160
0xd8da6bf26964af9d7eed9e03e53415d37aa96045,0x3c7779d27348017415a9184acadc0d62052841ab,23545589,10096224,23529997
0xace636e32a52a00fc74190243f93b9bc247c573e,0x2babd20bf9c7f1a59c870d70f4047ac84bc4817e,23547121,12542113,23547182
0x4cc019f568b1a4394988f446953e6c8c42766a26,0x4e6aa023f3ca8325f80074de79330e3788ec66c7,23547786,23504065,23547803
0x28c6c06298d514db089934071355e5743bf21d60,0xbfe1c54be5d79d58ae51a35dc30871a15a8c3404,23551424,15311776,23594215
0x28c6c06298d514db089934071355e5743bf21d60,0xc840bfa9582b24bb171b3b1592f866d387ec1aee,23556355,15311776,23556557
0x345a7ef30cdd5b3b47ea8de87b0f2eab4110bb52,0xa65bae83ee8f9f5aaa2973bc1606f75546f9ce8f,23580824,23551899,23580830
0x25181997901288aeefea0df72f8b29e050535e02,0x81d7f3c72d96c4448507228fdce1d2d70599f3d8,23590801,15105016,23596623
0x28c6c06298d514db089934071355e5743bf21d60,0xc9183978c6e40a075cd616cb86f05e756bda999c,23591673,15311776,25136215
0xd0a91c8087b56291e505828d06a616e38b168a28,0x118adb9c8a2affa84f93d1990a928bdb833938c0,23595854,23589290,23595864
0x28c6c06298d514db089934071355e5743bf21d60,0x6afb06fc5a0dae2a86b96088338236d02f999999,23597114,15311776,24032631
0xae26e52d785fcd3a7dab7237c00dcc69d1ff759c,0x7f32cb6d287063ec0a5116e6ef6ab996b9cadedd,23603309,11808661,23603337
0xa9a7f97de952e70309492f7f9faac43021ee7f5a,0x25667afd13769fd7866ea91af2d66d59b6ea77e3,23612895,23612851,23621976
0xa9a7f97de952e70309492f7f9faac43021ee7f5a,0xee135950762945ac483b4412ff79084cf5061485,23612899,23612851,23612905
0xc507a0cfd0773e6249edd2b951ba2b73d43c2186,0x32677da90e5c4297a7e745a8858ca78d2e543e4a,23617902,23617896,23617914
0x240605389e3f20d7b7168ffb8039eedae1ca11ac,0x32677da90e5c4297a7e745a8858ca78d2e543e4a,23618411,23618407,23617914
0xa0e4f0afcf029e3a8dfc6bc8280b3c94f1ac10a9,0x32677da90e5c4297a7e745a8858ca78d2e543e4a,23618990,23618982,23617914
0xde8aee37c6dce6d0210554594ad885c9d6bdee07,0x182d8ca3a2ed62093a4bc3f7deac26be46403278,23619853,23477420,23619900
0x72e472bb6885fe5720781a76661f22aac7b2b0d0,0x42df95e5f0b0d2b23ca5eb89207175d7ea48f37e,23622435,23072006,23622456
0x0000000000000000000000000000000000000000,0x76e9a589947f40ecd517b3a18403b8c4bbd1a8b6,23629456,9117019,23629466
0xcebcfbb44844dfc63769465425fd9afeef1874a7,0x08378d9f2abb0dea52dbbc354846024521c04be9,23631609,23631600,23631615
0x0d0707963952f2fba59dd06f2b425ace40b492fe,0x67a1578f9264b25a43416a917f514ef2c4087a9c,23645349,15309230,23645362
0x9ee6d6de5c5f1b72856e93ed026fc9b2531bd271,0xf28139de04fda5b998b06bbacea151b860e110ba,23647448,23639884,23647576
0x544d0d128bb84e09674382c7a3481dc6b067e05f,0x3b95ba43163ab1ad6b79ae322e4dfeef55a41ef7,23648199,23640350,23653587
0x28c6c06298d514db089934071355e5743bf21d60,0x5c0ec9dd0498a7504820faadb5eee03d80498903,23665902,15311776,23664794
0xbee498e04398e77b02ff5cd83ad1748fbe620ce9,0xba3fe77eec7b36611b112c36b2adfd8a41de2030,23667636,23667615,23667641
0x28c6c06298d514db089934071355e5743bf21d60,0xd6c1323bf7c006072ff22a7bfd8ddd380c1e3111,23669498,15311776,23669558
0x963589236aad200bec6cdbabc5bd039ae8171a3b,0xd80f8a272d2739c20555c3ff556caac6abd6390b,23677471,23670518,23677485
0xe1ff7e8f4ea5828b7de280b874729979dcb57706,0xe52669d8f9426de085a288df4f63f932e2414483,23681698,23681677,23681704
0xf404ffe4c493e1aed38c2b387defb2635675d625,0x8001cc0e5131bdd1fab4232ed211e87ed56b0860,23683682,23682809,23689797
0xa91e56db3c4ad62ea9c1ca50979c48f79e9167b3,0x04021f5a6741a9f719d1a8d7fbfddaee6605889f,23685775,23685182,23685781
0xadfa5078dba9c8ba2f183627f37fbf884b3038fd,0x4635d1974dc6798bb33297a677cb623421348d57,23692541,23692538,23692545
0x8f32a99741884847bfe89a26b4f5db0cda8d9a8d,0x4635d1974dc6798bb33297a677cb623421348d57,23692542,23692535,23692545
0x6ed74fdc4a25b81e89eb53496da1383a33926a59,0xda8a733790303177780333e40f3270d9c9a088e3,23696987,23630189,23697004
0x7ca902f35380edb7c0e99a417f0f4e0155461141,0x068fed1dd5fc93a707f6528c6dfc71156432879d,23710953,23710847,23710987
0x0d0707963952f2fba59dd06f2b425ace40b492fe,0x6c6561f42876d8ffa07d522621c6386efc543c7e,23749209,15309230,23284451
0x28c6c06298d514db089934071355e5743bf21d60,0x1f1ca2b6220e77fa19a8c893bdb71d248e7d2c31,23753627,15311776,23754462
0xca710c0fc13b4dd29bd0b0cdf6ee1eabc71a970b,0x34a52e17c5f51a51f331d8b0e195f9a19a74acc9,23764746,23025230,23764953
0xf5793f0affadbf3421a775d4e101f169c8abdc8a,0xd8701d0700a8ad20b1aaf7bde83cdb761d477ff0,23771152,13555554,23771174
0x7c9dd13a50b025c4a65c4baa6628489d1d910dc7,0xf27cec45adb41ec7250f2de6505f81dcb9a34b91,23775284,12983181,19802832
0x0000000000000000000000000000000000000000,0xd764c5e5bfef0f95b2149df81ff4b26cb939506b,23782842,9117019,23785314
0xf8b514a5d663ad079f7e9e17df4c59f9e1bd1a8c,0x4dfa2df244e196b21026753ab5d571a0b9168f00,23783240,23783145,23783249
0x8df8fbf612542c3b8632528db5f7833b3b6e406b,0xbf3dfc1d4f49fba54ff7de0635dca3bc50165900,23792628,23809154,23813796
0x28c6c06298d514db089934071355e5743bf21d60,0xef3533837b46d75a588be0ce57756082e1357973,23807933,15311776,23807958
0x28c6c06298d514db089934071355e5743bf21d60,0x0f698af7491e0d89664a29681147908d67198e96,23809977,15311776,23810027
0x77a731bd39805aec9cd3f65cfb548de0999c4ce8,0xaaf33961a813351f2ec1cc9bd13ee1268c0b2042,23832127,23832115,23832132
0x36cc606bfe8bb6a78d054820137a4e583970171c,0x3bf7b7cc33afe6d27d6d033e75c3132b69aac9c4,23846250,23835975,23846226
0x54592e4459c439410d2b3d5ffd3c2637007c6eee,0x0aca658c1f691c32a8356dce5406775088809cd4,23847571,23847392,23847577
0x3ddf17ed989c5355fdf6a6a0b1cef61e3a9c220b,0xc3fe15067e65d1bd81ec69c9b45e2c2d276ec9cb,23847762,23847600,23847775
0x28c6c06298d514db089934071355e5743bf21d60,0xe253813fcc1f3a1ce967fa7f6ecaa1a2d14499f5,23860922,15311776,23860936
0x47417f7ec64721a2476d306a2ff1082098414f82,0x4e91111b5e3bf34f7da53e0ab479050a49cb7950,23886272,23886219,23886300
0x28c6c06298d514db089934071355e5743bf21d60,0x55e25e2ba62eec7d25e2394ee90c80d169499699,23888867,15311776,23892065
0x0b5657453a6f9402514449a624fbc6cab2692052,0x85317172d4f4d57b8be8c9ea3c19a38831156c80,23890060,23886185,23890188
0x6d8281339e7c2198bf5f088877928a9bc3d9b439,0xae09d16b596eebe58c353935b4ed79d9c9c4fdf6,23890064,23884906,23890203
0xf5238fc72159828a1065bfcc71c0e7bc77ae0f86,0x6c951ff78f1ba5f5b77c7d8e49df47b9fe3dc9fb,23904946,10865158,23904962
0x4314ace913aedb61e948f70fa3d1e9da90a44ed6,0xfb47916567c8e1ec944b57e8edc41d4370f461a1,23909113,22826233,23909143
0x4314ace913aedb61e948f70fa3d1e9da90a44ed6,0xb7a694522f86c6d402b2734bed26691fba8febfc,23918690,22826233,23918701
0xc219cafde6855f60da76d9cacc3873fda65516e6,0x10d02689a5864acdc94b427ab205f60245034428,23935494,14960682,23935521
0x0000000000000000000000000000000000000000,0xf430cae36888b1cb2a3f98356bcf52dae5d106c9,23941435,9117019,19714018
0x922d8a436b328674143919e78af1ead4d9e0a832,0xf1cd228f957acb840fe3e2ce8d01be455c0bf245,23942441,23942436,23948962
0x922d8a436b328674143919e78af1ead4d9e0a832,0x17a353eca19c20803739d107cd03056519ed3afd,23942449,23942436,23945609
0x7894fe7f45ac37c2efbcb85ee41aaf59c1c7a405,0xb386c52ba04c52ca53b8469e1fa7de324a58e651,23945801,23061342,23131468
0xdc120a50c99a748300434fd6b590c8a26e486540,0xe818714e128e3cc199d86a3c5828885a60412e51,23946461,11809497,23946506
0x0d0707963952f2fba59dd06f2b425ace40b492fe,0x6bdbefdcf7ce75fd0a46d4fba56160bb2cfcb553,23951155,15309230,24032310
0xe6bd4e5e5265ff77ce7bb5bff5deb2e889a70806,0x0b47cf39969b9bf64a4d90c6104073e6d80f9572,23974349,11892906,23974366
0xa5aa34f78d1823c347faa933a632f07be6788b52,0x5fb41709b83fe1436512c72539606d3b4af722d0,23974536,12902146,23974584
0x39dddab5242cb6d73041e4e805c6ad5f5cd4b552,0xd335165ae6a4831f28540dc4f75fc12e80649684,23974762,20787994,23974773
0x880b423e645f5cdff791b04f8dc52afa293d1975,0x37568e578eedba921388481f1ff88025583842f2,23991219,9923425,23991259
0x937d29781c275bd687d588534eda72aa63b5b8a8,0x3ddcf75f2548353a1a6da6250c5002ded1186813,23991290,9924739,23991356
0x0c44da443f2beeb8fc93bbae4cf3b5a60cf7ae59,0x502d226ea5b8dcc39e11463359445d6ec9e47729,24002394,23989663,24002419
0x5871cab23856c2e1013a1707fffb91949d1a7237,0x09979b414fa56ffec29caa3a6e3b87f459885ae3,24016619,23995475,24016725
0x28c6c06298d514db089934071355e5743bf21d60,0xcca1f6da0f4861a2d880030ee9e2aafd54ba6cba,24019111,15311776,24032292
0xc836335efca27a51ec4a7eebbb0d990d95b22aaf,0x57ab5262d1a03fbf69bdea7e09904b0ab456faf7,24021841,12464388,24021869
0x260d2c1f9d12891a9f301656f87194309f6368ea,0x6fd34936b7fa1b554205e11b5c9ba4579dd4a766,24042414,13186718,24042495
0x0d0707963952f2fba59dd06f2b425ace40b492fe,0x4edc9905044730d6ed1146d0656e555cfe93f757,24044564,15309230,24044644
0x528a77189685f690840571d747b0e882a0c437a4,0xb926fb905b8af60c9c9d2d9025b4efb180ff5626,24049649,24049140,24049659
0xae370f0ffc2501bb536f92c5a587fd17d761b14c,0x62b7b369948a8adfa4ba0b34081dedf306dc3fdd,24061584,24061313,24061590
0x28c6c06298d514db089934071355e5743bf21d60,0xe6cd7933282709399a31d035638c8bd2a805918d,24074847,15311776,24238539
0x71015963b8eb47ac4a41b37bf02e3b7a4f2625e8,0x267aeb7dd679146de9b279d0e65bd357130bd6ad,24090472,24090061,24090483
0xb134c95cfc957e30e8d6e9f823277b3253c6205a,0x75fb09c2e6c8e14fad82a60ed316a69b0d975025,24104528,9703582,24104549
0x28c6c06298d514db089934071355e5743bf21d60,0x2beb79c65c3404099e504f37d56bd7cfb86c1f6c,24111867,15311776,24111883
0x0000000000000000000000000000000000000000,0xaeb526ce5b5bed0ac115dda2bb7a780e2d6946c4,24128466,9117019,24135205
0xc7eab8e9032e3bfb0acc0371983a139c85aab8fd,0xc638bc0efd7405d6ca72a534ed5c61181b4a3262,24155184,14694501,24155194
0x28c6c06298d514db089934071355e5743bf21d60,0x55bbcdb2e0285eb02ddbdf9c8f56d10d75903b5a,24168580,15311776,24528743
0x5f5b43401e4e8490e04ef0bab44c0a5dd53e52c5,0xb7d53c748e03db0ba2563c4ede74fdf0daf74632,24178748,24172102,24184763
0xb2acd3caab07d899ddab548794b16747d4922ca4,0xdc5896bf5c7bb3b3fc98994e905f3ad88ca26d8c,24190195,14023610,24190535
0x92f93ae10e1132c54176bdbe9e3ac232d91cd4a6,0x32677da90e5c4297a7e745a8858ca78d2e543e4a,24190221,24190215,23617914
0xee9fb1aca6950d2919f57a2b0b28735085ddf8d2,0x32677da90e5c4297a7e745a8858ca78d2e543e4a,24190243,24190236,23617914
0x26133d447cb60c016e71d8374fef6c3ceeb284e8,0xa4e4efe5b050a782c6a2047ba9d260d7ef61f7bc,24205067,24205062,24205088
0x3a7121b5e7168e0eec4a1b1b8b0b7f8a8b980d98,0x7cf8c731ab886aecb54b22e0c701c27ae8b660e3,24217936,23966954,24217978
0xb0077415a084a7d46bd0509d04e3e4a76d1caf48,0x7cf8c731ab886aecb54b22e0c701c27ae8b660e3,24217948,23966943,24217978
0x63ad5d2e0a0f4148711b49ed8b73d8e6b0e9389a,0x7cf8c731ab886aecb54b22e0c701c27ae8b660e3,24217956,23966936,24217978
0xcb7f63afcf99e88e3bb92f332c8f5f8caf2770e9,0x7aed906f0354431a72df5630c785d662b0430b48,24218921,13235699,24218937
0x28c6c06298d514db089934071355e5743bf21d60,0xfff249f5ca5bce6bf3859cc4fc9f991fcdf2562d,24219598,15311776,24219609
0x8cf268b4a5d55fbf503c43a8b1ea179d61a9c0d5,0xf693a21bf33dcda2acfbbc585884dc8ae765d472,24220799,23777799,23749520
0xd4081b283ac56a475979d1477a6397752b053028,0x434386144af1ad6b89409a40f86bc4bc2d75de3f,24221232,14637973,24221286
0x2a0a2d1692f0abe26c6e8999b48d4f0ff8dba011,0xc7e1cc4d0cf255c47a0f2cd3c667d99013befff6,24221676,24221305,24221708
0x0000000000000000000000000000000000000000,0x2fc124e91dc8e274a0289d671da86ccd40d808bf,24224593,9117019,24182448
0xc6ec411cb815c46a27b1c05b181aebff6bb937da,0x06ccbb4e142c48d511d15514caef6eac49d12464,24226791,11338387,24231921
0x7d982e08991c030947dc9cd33d3d51a02f3cfec4,0x57cd335a5ac32fffa68f3a569391c0afdbb00e7b,24252670,15657082,24252681
0x40c1efa324fd80329117409c65081f13e7a08a42,0x8ec886eb979818f77ba9b47648b3bf4c1ff9d903,24252766,12352252,24252775
0x5a138fbaa68a9a09f6f0324aa60deaf3415ff0e0,0x3433c57915dfc5a5c01c2f77cec1d77da241801c,24253200,12388777,24253282
0xc0d49742adb671716b5f73c9c3a19e2133ee0f2b,0x00d968e9c793a2ac6ffcfcf53ad1dc76558bfba2,24264516,22736843,24265397
0xa1f0bc413060ffe235e598cc7e6b0f52c279c46f,0x5cb921ccdeb91ac37b177dbbcc241c32d90d0f3e,24275693,24275672,24275697
0x28c6c06298d514db089934071355e5743bf21d60,0xde2fd50c56668d0e6326e32397cf5d8cf7e3bc07,24277046,15311776,24024455
0xdc120a50c99a748300434fd6b590c8a26e486540,0xc2212c2590fb052c5c3b5045c313ae9fe8614aa6,24292344,11809497,24292358
0xc08922a77140ce1aa91d419f4ac2ddc853575511,0xa9d8a0b89cf306cc23f3048c2ea875ea700bb69a,24294856,12388667,24294868
0x3a144ab6618feeab9de8d840f742077b7cd37bd3,0x7d630f39eb75cb1db50a477b664222c73321b298,24294898,12388767,24294904
0xc7253362bd76eecca1c8798de27e1114b94ec239,0x5c3b017c9a85e8df1fb6b2c93b95c0df006a7281,24311192,24311148,24307732
0xe6bd4e5e5265ff77ce7bb5bff5deb2e889a70806,0xc331a736e16cd66e75a0b20a8288077b172a681a,24317988,11892906,24317996
0xbac7a7cfd7d501f938b3e3e8171e10a3abc62cba,0x3d105d4b72d29f9b86788233bb5417950359c92f,24325514,12677207,24325528
0x3a6cddd8799b641bbb4c121962316d155fc3b7f1,0xba751b9d62b9c1540d97d320aeb2b76d7180b6d7,24328595,13806837,24413361
0x28c6c06298d514db089934071355e5743bf21d60,0x86755c22514e83e6d272af6293e6ea4fec2ee6b6,24343461,15311776,23727020
0x0d0707963952f2fba59dd06f2b425ace40b492fe,0x83fa6dc1a554ecb5bfcdd5f315964985e8dac0de,24350845,15309230,23834680
0x28c6c06298d514db089934071355e5743bf21d60,0x90006162b3225a5c1436bc734f164c2fb3d7b4ba,24361524,15311776,24364163
0x28c6c06298d514db089934071355e5743bf21d60,0xd632e483a0bc3fa7e907f8e1778b0c7757ad804e,24378947,15311776,24378924
0x60bfbfd37f8381b2b2ee6c7eca831096e6cbbdff,0x9c37ea48ded885795439310d3c8843cf06eb3985,24384354,24383980,24384366
0x8ecd8f7aa146542e4fd3504b6b6c87cef6a31456,0xd817e8d6a4bc7b980e8bc9f989b561f8e4e5cb0b,24387217,11518980,24387230
0xef488fb124d5028e81db9dcebf683c1f997f73c1,0xd3f47eeb9206e2106d491fa84ea5cbb19a74f4fc,24413432,13389557,24413437
0xe4e9626169294cae6d53835686599d207ae592c2,0x68360167c0668d621ea41e0947fb3430a69cb526,24429262,22808647,24422279
0xfc66bc02bda3fa4085031a2a3ba105f340b51459,0xcc9148cfcdd9420004d7622fb1d5a1eacf3f04d0,24440864,24440726,24440897
0xdc26763f34db5cdafaf007025454b67fb4963c96,0x453fe64c0ed0109de7dd1a0986142b387f9c52a2,24442406,24065432,24442487
0x0d0707963952f2fba59dd06f2b425ace40b492fe,0xc40ac4d647d3b45673eda3e6ee52bf0f8171dc5d,24443610,15309230,24446113
0x7d6bbca4dfeb97d735e23dfeb2b08c0bd4a09269,0x09a4df13fc44ea41e823eaef708e78f14720c9f5,24447706,24173027,24447712
0xc7709bc1a513494b6fc8c0530462ea495812ddd6,0xc15c9d46b2dd36556b9fbb003801428a3b68b427,24447743,23738692,24447753
0x253427d05b12a53b1a0e6e3a8d42a9844944b371,0x1fdc9931f5cb5448c8ce1e0ee033fd695fd95c5d,24507891,24507860,24507894
0xa2e3dfbb5499f4b907b4e8bfb7ef6a0977d4e2e0,0x1658ccf176204a3a131284d65cbdfdf931b0edcf,24531366,24129452,24531257
0x28c6c06298d514db089934071355e5743bf21d60,0x73f1b2e4c4f6ca4f8dc7628fda104366e0a2be3a,24536770,15311776,24408778
0xd5567a074b2606788f7bd2379c66978875c5f98d,0x1658ccf176204a3a131284d65cbdfdf931b0edcf,24536923,23963912,24531257
0xd92f3a9ed6b7471c3924bc109e0aaba013f9372d,0xd321f3cb597f62ad9af74f2302e2db7a5236ec94,24547503,24547420,24551999
0x28c6c06298d514db089934071355e5743bf21d60,0xb21556b7026666091a2b2cbfc06cefb064ff08e4,24548582,15311776,24549735
0xe5f25792a231550264f52cb1125d9a5d132579a6,0x113249497d2376ac7bee51043f1a0c7b299fc318,24567397,24567385,24567406
0x0000000000000000000000000000000000000000,0x1f76a6bf03429480472b3695e08689219ce15ed6,24582830,9117019,21542872
0xc9a55197e3408e7774ab2fe7e07ca92f5732b283,0xc371190ea178b1f878ca41491921d5df3857a222,24583592,24303678,24583620
0x28c6c06298d514db089934071355e5743bf21d60,0x083a11eb61d047bdd3ffaaa2a914af5eaa1c4edd,24586239,15311776,24585097
0xc8a661a5bc3c1c1c300be7a2624f6eabdfc874c3,0xfce21b83c2693ee4140aee2998a683eb57083385,24592930,18062484,24592959
0xd057524fa8218d0c3e1ad9d1562402218a725f78,0x2cda255a8e1f49788958cdc822d38d1e5fad4b33,24624382,13419577,24624391
0x28c6c06298d514db089934071355e5743bf21d60,0xb0e9851cf42960457af47e9764ca3cade1a18e15,24627808,15311776,24662699
0x56afa43ad4e04185a1d7051bfb5f471fe49a7504,0x0328ebfe2ab2232686c6462e9c2f8c481360d5f0,24632723,24557299,24633990
0x28c6c06298d514db089934071355e5743bf21d60,0x5af16b4c5c3a99f0b8dbda7962a2101262d557d3,24648854,15311776,23753124
0x5abb00af6580f1f96e0bd0cce14c595f29611da2,0x72910794b77d4dea7d942f6e5fda57be91c510af,24650923,24650793,24651022
0x28c6c06298d514db089934071355e5743bf21d60,0xba1f028e0eadc9ee7fa48378923e2c9efdcaf696,24655230,15311776,24657731
0xacd60da113745e5007a7ae5af4ff7f18794edf65,0xb758ef3b67de03756c43e2c37e40d39019bf89e1,24658128,24657973,24658137
0x0d0707963952f2fba59dd06f2b425ace40b492fe,0x70f55121d86973d08b1a06a1e09594c8752ec849,24659959,15309230,24659989
0x0000000000000000000000000000000000000000,0xe75d1fd7c8e37e82907519c316a079d312c93278,24663526,9117019,24663537
0x0000000000000000000000000000000000000000,0xa6ef24bd02f196fd6a4f9560e36f777284935ecb,24664114,9117019,24883674
0xf861e8033498ba169c8bf7be0f69d98e83ae5f52,0xf9f0b7fcfbad53ae3e668acfd30885b7788076be,24666200,22118793,24666282
0x0eba47ad40f35ed66f7589d0d957fbcf02963dd0,0x2550f0da240f654444e96ff5dfccf1a4025f8283,24668474,24153538,24667855
0xb757ca01ce8cdb5859d1109a54826c128da735e9,0x6b99bee21be8d19fd9f677c9cbb27a217874ebf6,24677210,16524228,24778424
0x28c6c06298d514db089934071355e5743bf21d60,0x13661f99242f700537c4556ed3960dd281056db5,24701124,15311776,24701235
0x1a781606a71310e35842b31c946be7dc43b63ee7,0x4b1d9278f2040de778725d5a319d076aabdcf8d5,24719627,24715615,24719651
0x67e9643dfa616f772e91f811b9bf399ab5d71d7e,0x32bc4ec9ccd3d3ef973716be8847f1c84c3950ba,24725811,24725510,24725824
0xe6bd4e5e5265ff77ce7bb5bff5deb2e889a70806,0x378712952dd0a9458e8327acca06eb0b7c457e73,24733657,11892906,24733667
0x78d27418008608dc6ad3804eceac76710e201f80,0x7b36138a6e15a873ae108182d8d082839a8e2792,24749161,12185919,24749187
0x28c6c06298d514db089934071355e5743bf21d60,0xa43b429eb260619ff4915a59b38f2f5285c2661b,24764764,15311776,24764832
0x03bb337af8a1e95680a1d0a91ce0a84bc6def2a9,0xc925abbc6b41881c36b0f079e5a40114abe5638f,24776098,12125675,24776104
0x6938a8f45f21bcc5974cbc5a6bd218070d4ca1f5,0x8d3b38316f4fa5db1779ee372d1ddae465b55769,24785924,11399632,22866477
0x0c202c90367a5371210851219ec523e74aa1630f,0x9785344e8a8db307e781dd7195d37ad5842d87f6,24792109,14975285,24792193
0x0eba47ad40f35ed66f7589d0d957fbcf02963dd0,0x3c395fa1731d4e8b8b08ff4106f77fd24fdd6633,24799856,24153538,23797132
0x0d0707963952f2fba59dd06f2b425ace40b492fe,0x7d4aaad926e56372e33fc20320de2a2b16a7fd86,24812422,15309230,24812560
0xcfb8f97f1602c3a8fa91d19f62c069457e1a8c37,0xdccb7f57e8c96466da3efaa34dcf9be0f3977c2a,24822574,15346773,24822606
0x23dbeb7700c41bb9d99625230872edbb49a162d2,0x378712952dd0a9458e8327acca06eb0b7c457e73,24833744,11845955,24733667
0xb4fb08a8729426ebd219fdbdfa368bc5b5f68f5a,0x378712952dd0a9458e8327acca06eb0b7c457e73,24833749,10676823,24733667
0x7a0583ac3565bd67eb69969e51663d8eccc083bd,0x378712952dd0a9458e8327acca06eb0b7c457e73,24833753,11104535,24733667
0xc00c7c7fd03c776572e8af206833a31092cbb8e3,0xa675a02049b3adc3528febb661b1116627ffc2ba,24860399,24785685,24860404
0x6779cebbfffe6015863f1c679025ab55350229f4,0xf8820011e4d31e824e6bd9e04cdc27b6ce102452,24862089,24842753,24684927
0x0867238bae905106f4dba90d76124f851a0b217e,0x3bd6db276acfb3f539de19d797205842d8d14e71,24884323,22603874,24885889
0x28c6c06298d514db089934071355e5743bf21d60,0x20d821f7dcce7b620dc49e999d9e56271ca88483,24896659,15311776,24891573
0xe8a398910398ab1769b222086c005e5ebedcf002,0x6426db89a94448fe16ced440d85ab009900b6d8b,24901004,24889649,24901013
0x28c6c06298d514db089934071355e5743bf21d60,0x48ffbd7aaf6364ee3f377212b6a4e12ff95bf6dc,24927634,15311776,24928549
0x28c6c06298d514db089934071355e5743bf21d60,0xab9566e6ecc6fc3639b2b2148f3749831922a344,24932841,15311776,24931739
0x28c6c06298d514db089934071355e5743bf21d60,0xe943824b8ce6ecf5025d90dff45bbba30beb4f70,24935042,15311776,24156839
0x28c6c06298d514db089934071355e5743bf21d60,0x203477c7aed7ad2ab47599e4d2df161ebfc7a807,24940154,15311776,24940272
0x28c6c06298d514db089934071355e5743bf21d60,0x233dbc9d2b356c7e340a401e0aacdd0a93d284c0,24947178,15311776,24949788
0x0867238bae905106f4dba90d76124f851a0b217e,0xccd134221095dd1d5ba3475410c1db93feb84bd3,24971001,22603874,24971033
0x57bf3b0f29e37619623994071c9e12091919675c,0xfba01322b5f5332fac04606b4feba73a02f96df8,24978035,11808940,24978042
0x5fa1489cab9ddc5a8d62ca39ec5d4ab95441bddf,0x9cc1b3fb050719de281193e19e9f501e5f3d92ab,24984878,17096041,24583471
0x832b728386003602dc1739ca7990c059f78cbc91,0x378712952dd0a9458e8327acca06eb0b7c457e73,24984967,10586582,24733667
0xa167c111cc58bbe5b4aab949ec0aad3e3a7b1680,0x488ccf3097f9cb0030aa201442bc9ef943946512,24998862,24725574,24998897
0x39d52da6beec991f075eebe577474fd105c5caec,0x521e411cac31f1c9e93c85075700a4a1c135ad54,25001445,11413077,25001456
0xd4081b283ac56a475979d1477a6397752b053028,0x8fbc4c03e0e055b8b53c8cc049c73d26492ee5d0,25002887,14637973,25002902
0x1f94cde9cf0e7872e5213ff19a813af1edcc268b,0x0d72f047676c105ff097ca066ef68e5fbc24eb4e,25013920,24242156,24277738
0x8a23f5e6711e88a9e85a9ebf585798e979b11ec3,0xc5389d09f93aeff1e80944f1e276209e7acf0e7a,25016442,23670744,25016572
0x68a1dbef2fd52f9b2f0a1121eb5f863d38329cfd,0x87100b573f9323eab42a0c071c71d89f4eda2e52,25050145,13632299,25137586
0xef488fb124d5028e81db9dcebf683c1f997f73c1,0x0ce3be1995403879967c7f5b830ff97f2c46ccdf,25059758,13389557,25065684
0xa6be9ec53f6a4f942b1568ba8d0f7ec3ece99321,0xa2f61a88cc00b6a1f651903683641e2d602757d1,25062337,25026998,25075881
0x0000000000000000000000000000000000000000,0x1b45b2fdfebd41205ce88ae1834e70c42a33e253,25062618,9117019,25594451
0xd8da6bf26964af9d7eed9e03e53415d37aa96045,0xc945a7b2a1401165afbb0e03681f6fc7e1eb37a0,25063745,10096224,23901013
0x0d0707963952f2fba59dd06f2b425ace40b492fe,0x90b6e5327f0e128e904a45deaaf39a009762aad1,25072840,15309230,24032278
0xe0ea42a20f11221ffcad84af26e8d13e10058ac3,0x681631eaf2e4df2973078943152eacca58539bfb,25087002,25037121,25087575
0xe0ea42a20f11221ffcad84af26e8d13e10058ac3,0xf60fa03090440079456d96e8dc83dcbecbe8e802,25087535,25037121,25087560
0x02344d35d1ea434014650dcdc1c61041cbfc00b6,0x8043a5705e636b933c4987c04e974fbae60ad7b0,25103636,25103449,25059267
0xa6c7db76c1d9bfd1c09c7aa1c0eef9aa275f6f8d,0x9aa26763df88887b9ed656b7572ba8f179d830c6,25104842,10381143,20573854
0x070f7a6b2882ddea1c1dd674526753d3f2dfad11,0x0a4d8510a6c3d79969cf4ae7cdef48ebf16647e5,25126712,13548065,25126787
0x18057d13f92a9093df0cc3aa488a3a3c16e1f7fa,0xf8b821e4d8f52b3515af3705a02fbb7fef32d7f1,25148399,11221697,25148415
0xc34eb7e3f34e54646d7cd140bb7c20a466b3e852,0x951bb4b5d9082935710bd47fbd6cef6254a99610,25148451,11190145,25125506
0x798cf8fc6f212da30b10cac6e05b4bf275c34bff,0x951bb4b5d9082935710bd47fbd6cef6254a99610,25148455,11184210,25125506
0x0d0707963952f2fba59dd06f2b425ace40b492fe,0x51aa81fb0b7de2341f1abe622c6efdb7ed079a04,25150492,15309230,25150504
0xef488fb124d5028e81db9dcebf683c1f997f73c1,0x4c436c76532d9cc7e03c97f17e95e0c25e2c06ba,25156808,13389557,25156812
0xc2713e267cde8d22f025c812a175242333e5885b,0xcf10f8ce65c86f0849623ef2a2dd8acdf0b4fdd6,25159231,25158438,25159243
0x9ee9fa7562133748503200877a3a03d7d8672eee,0x7b30d748c330432fa3eddc23ef42d5d3a1b93553,25179031,13460029,25645907
0xf62f5db0a4b0f86b784ec45935f87c5eec4b9374,0x1b2c406f416ca6496343d034ad11b510608dd63f,25183228,25183203,25183357
0x0d0707963952f2fba59dd06f2b425ace40b492fe,0xde7f6061fa2cb556a3c545cb062fb6b78e66350e,25183569,15309230,25105977
0x0d0707963952f2fba59dd06f2b425ace40b492fe,0x6ae5e58f88e4606c8a3b66c6fb687715c929b50b,25185691,15309230,25185715
0x991eab746c648909ce2ecf4a8e944c63fd1ee493,0x14dfae966e53c270fa11b074215de842c8f10a30,25190101,13265009,25190105
0xef488fb124d5028e81db9dcebf683c1f997f73c1,0x88a6b925d8cd38c6392b6eb06f82923ea83d87ab,25206419,13389557,25206423
0xd4081b283ac56a475979d1477a6397752b053028,0x83d41bf763b1960f2f43543ed80711bdb55d58a1,25218785,14637973,25218798
0xb83145be4164c42a28800bceb056a4a1e58d2844,0x6259c3f4fec631bf0f8ab573a15669f22cc16f90,25219099,14682521,25218942
0x809773602a27c81393bb71d25ba223563f7389a6,0x4ea5afd0857427746f4d252725f0bc520cf3fa27,25229461,19161118,25229596
0x53453604f0802995aa555e29464f17d663f5eb89,0xa3137a7977623d7954376d3f63b77f964d40fdbd,25229871,25229845,25229918
0x6939468e0719837b28e6205a25e0a8e53598af24,0xa8f51eb1c4a3912cbc5ec463166af9ce0f47c84c,25230236,14564282,25230262
0x0eba47ad40f35ed66f7589d0d957fbcf02963dd0,0x60419fdeff3bd9eb3fd99152ea15f02da603037d,25230401,24153538,25231299
0xfeefae7574492d1ed4f4113b564f36baa5d6e16c,0x2a221cfc6d27f70b78b05fb7748722e3590de5c0,25230656,15308844,25230699
0x5c12ca6134d756e866bb46dd1067b51045651a68,0xa3137a7977623d7954376d3f63b77f964d40fdbd,25231566,25231520,25229918
0x0eba47ad40f35ed66f7589d0d957fbcf02963dd0,0x1176123eb8d9aebfac72778f6bc69461ba6d7c75,25231923,24153538,25474039
0x0d0707963952f2fba59dd06f2b425ace40b492fe,0x0ab2e021d5d9928f3205f20140d95d9f8d33924a,25233616,15309230,25233626
0x0eba47ad40f35ed66f7589d0d957fbcf02963dd0,0xf979112e0ec74abcd0809143a2dde879db78d312,25235668,24153538,25422016
0x7c954102bd4a9c5698e250d86e3763972d280af7,0x97d0c9bef94200cea434bc2f5f325779cbf8113e,25236464,25236446,25236477
0xa5aa34f78d1823c347faa933a632f07be6788b52,0x65c77e911a67df2f7adea653fe6b54d4da53850a,25237315,12902146,25238068
0xde80a8f464f6a5bd188b643372d76905cb0dd35f,0x76a222714fe910234f60648a5f493aacbc4f6fe3,25237919,25237888,23919394
0x7d45ec16f4109d50c3b65b59afe0311f43c8057a,0x346c32a1bb05f6719a7b9918029107dcbc37a7c5,25259035,25259025,25259039
0x28c6c06298d514db089934071355e5743bf21d60,0x8c14628b9e454236573162355c829b0975e355f5,25264498,15311776,23298123
0x3f1670ff65498148b6ed667b61fd3833eead314d,0xe8370979f814eb57f26ea4dd2b4ffbffb4ecc020,25265274,25265249,25265285
0xeff795944b95c2c104b58be7b49e6323359af1be,0x05dc0378fd403cf077ac03a3dd5e82d438d85c90,25294786,25290208,25294795
0xfeefae7574492d1ed4f4113b564f36baa5d6e16c,0x97f226976a57f039cae06b687a9d542ff2c8f955,25308774,15308844,25308780
0x173c19a5998d08ecce68cbe495dd59f1296b1df6,0x0a12e8d1504d6acf299ba091b5b489617142535d,25345172,25345158,25345178
0x7fd9b93d3b99384878cb69677b7b99aa82ad0c0b,0xc0c337ea7acd4d185a8eace284b4664c38a96e88,25351148,25341576,25351155
0x4ef063dedc78fefc78ce21a9115f1ed152ddd4a2,0x2592268a608393a63e3beba71cbf51c96a2dba26,25354645,25300914,25351814
0x150ce8d9805ba3dbc6fa429a6157c8dbb6928cf8,0x2592268a608393a63e3beba71cbf51c96a2dba26,25354700,25300511,25351814
0x150ce8d9805ba3dbc6fa429a6157c8dbb6928cf8,0x5b7efb00fd74caad2aabca676b592dd6ff0272dd,25357818,25300511,25354830
0xfeefae7574492d1ed4f4113b564f36baa5d6e16c,0x4e574563c1f4eb00843da789948fcd10dbe57719,25359550,15308844,25359568
0x0d0707963952f2fba59dd06f2b425ace40b492fe,0x1bde8c3dfb8c33d9fb27b00b49705b2deaec5d05,25379671,15309230,25379675
0x2d77ae108f62d3b9619888f68c0945465ed07ffd,0xbccf9476b1f8cf698177075d4963e450aa229347,25385915,14658787,25385947
0xfca39f005ad7f353d8bbdf7c7004ec2a7755e152,0x5e4691899afe2e39de81ca6483e5354a914cf019,25385951,17066903,25385977
0x366831f720341e93ab59e946cd7eb0dd8f4c3d09,0x0e1a98fc1ddf9aca598a5229596982ca8d5b1f69,25386083,14646696,25386095
0x001b0900f3bf6c03d06843ccf86448ac7aec53f3,0x96b132ee6739716761a812891dde4ec568e5e690,25391826,25386722,25391869
0x5daa9983e6597971aff61ac44be0d46f59699a96,0x69f193ff250a318e9f1fb8ff334e61e554c510b9,25395304,25415089,25395330
0x23dbeb7700c41bb9d99625230872edbb49a162d2,0x0b47cf39969b9bf64a4d90c6104073e6d80f9572,25430200,11845955,23974366
0x28c6c06298d514db089934071355e5743bf21d60,0x1a0ad4e6c9ed3f9fe2b5697df138f1d34bb9cb70,25432061,15311776,25484857
0x28c6c06298d514db089934071355e5743bf21d60,0x72d0ba577aa1c62b50cd36343e75447c2af65f4c,25432458,15311776,25140660
0x53f96afa6920c49d7c5839ad21c7c2b3c25142d2,0x59f94cff62dccc83467c375c020ed56f3c56713d,25442434,25442290,24899136
0xa3414934e9220ad7d81c64449842084d2641c5a2,0xc6a31d3ee4b7df42cf338603e89f9db9747baf40,25447278,25292849,25432643
0x0434d114df0d6a1231f11ccdae789080f172bb68,0xa4e4efe5b050a782c6a2047ba9d260d7ef61f7bc,25453743,25453729,24205088
0x3087978cb317084b570764842f72b2390eaf5f98,0xa788fe996bae3a25eca5ef29b497a929e01d0994,25466694,24648553,25466706
0x2c7bc21c9e0f50549e54dac8bf61b65dfb49c4c2,0xa4e4efe5b050a782c6a2047ba9d260d7ef61f7bc,25474867,25474858,24205088
0xc3b9abe3afbd1f8dd9c8224cf87bff7491eb4bea,0xa4e4efe5b050a782c6a2047ba9d260d7ef61f7bc,25474916,25474908,24205088
0xcbdefc01c44e6476abe6ec7412b118d83670cbee,0xa4e4efe5b050a782c6a2047ba9d260d7ef61f7bc,25475290,25475277,24205088
0x4628ddd9501632aed5cd0f88cf9bc419b31f6a82,0xa4e4efe5b050a782c6a2047ba9d260d7ef61f7bc,25475315,25475307,24205088
0x28b7ec763fd69f42eeb16ff6621e7c5f2f5e09ea,0xde0bdc54d629fd633b1e16a1637172a03c165497,25482600,13346799,25482695
0x28b7ec763fd69f42eeb16ff6621e7c5f2f5e09ea,0x0edf898e999b58919e01fc6963aca2a6292279d8,25482637,13346799,25482666
0x7adbdbfc4cbe84a8cf0511f676bebba5cebfa23a,0x32677da90e5c4297a7e745a8858ca78d2e543e4a,25487390,25487328,23617914
0xdf2491ab2641a6322ff38a2bcf1ed58b5f82e65d,0x3db109bb80c46bdb1726edac0a54a1e09d3a4182,25500150,25414545,25500220
0x28c6c06298d514db089934071355e5743bf21d60,0x2aa1ec504d48614dc8ec0159e5243429e57014b0,25514518,15311776,25514542
0x637543707272a23a195683b44260047f1ea1bed8,0xbc715bd86bb826270d2518688882a4e1feea7ebb,25537126,25395383,25308069
0xfeefae7574492d1ed4f4113b564f36baa5d6e16c,0x6ed21e80885e21603af9fdad682b51ecdd67cf58,25544287,15308844,25544296
0x504b9737b49c22955342e7ba8df8a38ae2339859,0x408dba8dc582503a2de80e797f8872ad6204ce17,25590841,24629814,25590870
0x9999999f360be2c1c12f920f16ce25d93c603303,0x408dba8dc582503a2de80e797f8872ad6204ce17,25590852,25268745,25590870
0x869257ab2c27d5d170c0ad9075db78249ba243ae,0xba0816ea8e3ea46af1bab7db234350788db02f77,25596132,24568559,25596421
0x9f1c817cb153d364597e4a5a9c0e75933b43c143,0xba0816ea8e3ea46af1bab7db234350788db02f77,25596369,22839785,25596421
0x9d722c2b3515ae8b6e2555dbde7070e201ca0daf,0x0dab90a9ad451b4efb30bc58861f21e2efd0fefe,25616092,25616079,25616140
0xf45154419f90b849f13fa54074726f0e26896dd7,0x7becb2434c6bf18069cbedb55eeac720d0d4f012,25616174,13557816,25616196
0x0d0707963952f2fba59dd06f2b425ace40b492fe,0x42c76116a9c259f6cacc769ea40697d568dce567,25632564,15309230,24962983
0x07fd1d57028c4b597ddef0677080fd69096dc01c,0x72079e2fac149eb449689e691abc8e9a79c22f27,25636216,25591882,25636224
0xbf0c9cc4acbec112305d0cc2ca1a4465930ceb5c,0x930455d3367e0f8b3cbeb1de84245a5fb5149100,25637687,25652054,25637710
0x752bf292f361e537819e4744abf2a3613f95ddc2,0x3ba8321dfe396b0af1e6e90958ab54ee97da31b1,25642405,12803766,25642436
0xcff4484b4d2b17501a6fe99b620c37f4b43d9323,0xdaf04999794741e7ecf424d9221909c33603699d,25660820,25011522,25661025
0xb24d3d582730e3f94f71df8df9885aa09d401ddd,0xef3549cb5d97b1791817cda2a0122d52fb65e917,25663168,25742377,25663174
0x7e4be8f0854d35379763b0b58651675ef6a1a731,0xc8708f8b039436aa8f529786b0c9f30dd3962645,25671674,25670412,25671681
0x28c6c06298d514db089934071355e5743bf21d60,0x47f8f125b49d5c70be08ce1de6c9641386030848,25691459,15311776,25626686
0x36b838bfdc5fd5876863dacc320bc6ad8872ea77,0x1b13c1107d5684a6c94aa861e5199370ac9033ce,25692670,13763240,25692680
0x9345f963142ead78672faae66a5352062ee8fe26,0xd04ec8765d50ddadaec6bebaa883e25fe105fa02,25718796,25683453,25718811
0xb8ee2551593313bf81971a5c2fe059da085cc68c,0xe583ce60af99f1ba0b1b3a6ecb31c5782ea0bcc3,25725287,25724269,25725348
0x0d0707963952f2fba59dd06f2b425ace40b492fe,0x8a02467b04f5fb7d19a106a006a230bb788dc9ee,25732094,15309230,25732210
0x000729f1022cbf699dafc3928b6e92ce2fe33841,0xbdff031e8f1fa315182308346c635ae9e4b4cf04,25732733,13595344,25732777
0x1355f1a9763addac1f0b6e951fae25de70115739,0xe583ce60af99f1ba0b1b3a6ecb31c5782ea0bcc3,25733787,25724311,25725348
